timestamp,asset,smartServo1Angle,smartServo1Temp,smartServo1Current,smartServo1Voltage,smartServo2Angle,smartServo2Temp,smartServo2Current,smartServo2Voltage,smartServo3Angle,smartServo3Temp,smartServo3Current,smartServo3Voltage,time,isBroken
2021-04-09 14:57:14.125113,JA_EMS_Demonstrator_Thing,69,33,0,11.749,-150,33,0,11.593,-154,34,0,11.671,1300,0
2021-04-09 14:57:14.184371,JA_EMS_Demonstrator_Thing,69,33,0,11.75,-150,33,0,11.593,-154,34,0,11.671,1350,0
2021-04-09 14:57:14.244763,JA_EMS_Demonstrator_Thing,69,33,0,11.75,-150,33,0,11.594,-154,34,0,11.671,1400,0
2021-04-09 14:57:14.303975,JA_EMS_Demonstrator_Thing,69,33,0,11.75,-150,33,0,11.594,-154,34,0,11.671,1450,0
2021-04-09 14:57:14.364490,JA_EMS_Demonstrator_Thing,69,33,0,11.75,-150,33,0,11.594,-154,34,0,11.671,1500,0
2021-04-09 14:57:14.423736,JA_EMS_Demonstrator_Thing,69,33,0,11.75,-150,33,0,11.594,-154,34,0,11.671,1550,0
2021-04-09 14:57:14.484542,JA_EMS_Demonstrator_Thing,69,33,0,11.751,-150,33,0,11.594,-154,34,0,11.671,1600,0
2021-04-09 14:57:14.544836,JA_EMS_Demonstrator_Thing,69,33,0,11.752,-150,33,0,11.594,-154,34,0,11.671,1650,0
2021-04-09 14:57:14.604052,JA_EMS_Demonstrator_Thing,69,33,0,11.752,-150,33,0,11.594,-154,34,0,11.671,1700,0
2021-04-09 14:57:14.664555,JA_EMS_Demonstrator_Thing,69,33,0,11.752,-150,33,0,11.594,-154,34,0,11.671,1750,0
2021-04-09 14:57:14.723818,JA_EMS_Demonstrator_Thing,69,33,0,11.752,-150,33,0,11.594,-154,34,0,11.671,1800,0
2021-04-09 14:57:14.784394,JA_EMS_Demonstrator_Thing,69,33,0,11.752,-150,33,0,11.594,-154,34,0,11.671,1850,0
2021-04-09 14:57:14.845191,JA_EMS_Demonstrator_Thing,69,33,0,11.752,-150,33,0,11.594,-154,34,0,11.671,1900,0
2021-04-09 14:57:14.904021,JA_EMS_Demonstrator_Thing,69,33,0,11.752,-150,33,0,11.594,-154,34,0,11.671,1950,0
2021-04-09 14:57:14.964537,JA_EMS_Demonstrator_Thing,69,33,0,11.752,-150,33,0,11.594,-154,34,0,11.671,2000,0
2021-04-09 14:57:15.023785,JA_EMS_Demonstrator_Thing,69,33,0,11.752,-150,33,0,11.594,-154,34,0,11.671,2050,0
2021-04-09 14:57:15.084529,JA_EMS_Demonstrator_Thing,69,33,0,11.752,-150,33,0,11.594,-154,34,0,11.671,2100,0
2021-04-09 14:57:15.149656,JA_EMS_Demonstrator_Thing,69,33,0,11.752,-150,33,0,11.594,-154,34,0,11.671,2150,0
2021-04-09 14:57:15.208391,JA_EMS_Demonstrator_Thing,69,33,0,11.752,-150,33,0,11.594,-154,34,0,11.671,2200,0
2021-04-09 14:57:15.267042,JA_EMS_Demonstrator_Thing,69,33,0,11.752,-150,33,0,11.594,-154,34,0,11.671,2250,0
2021-04-09 14:57:15.327772,JA_EMS_Demonstrator_Thing,69,33,0,11.752,-150,33,0,11.594,-154,34,0,11.671,2300,0
2021-04-09 14:57:15.388936,JA_EMS_Demonstrator_Thing,69,33,0,11.752,-150,33,0,11.594,-154,34,0,11.671,2350,0
2021-04-09 14:57:15.447469,JA_EMS_Demonstrator_Thing,69,33,0,11.752,-150,33,0,11.594,-154,34,0,11.671,2400,0
2021-04-09 14:57:15.506547,JA_EMS_Demonstrator_Thing,69,33,0,11.753,-150,33,0,11.594,-154,34,0,11.671,2450,0
2021-04-09 14:57:15.562919,JA_EMS_Demonstrator_Thing,69,33,0,11.753,-150,33,0,11.594,-154,34,0,11.671,2500,0
2021-04-09 14:57:15.621698,JA_EMS_Demonstrator_Thing,69,33,0,11.753,-150,33,0,11.594,-154,34,0,11.671,2550,0
2021-04-09 14:57:15.678699,JA_EMS_Demonstrator_Thing,69,33,0,11.753,-150,33,0,11.594,-154,34,0,11.671,2600,0
2021-04-09 14:57:15.742946,JA_EMS_Demonstrator_Thing,69,33,0,11.753,-150,33,0,11.594,-154,34,0,11.671,2650,0
2021-04-09 14:57:15.802128,JA_EMS_Demonstrator_Thing,69,33,0,11.753,-150,33,0,11.594,-154,34,0,11.671,2700,0
2021-04-09 14:57:15.861156,JA_EMS_Demonstrator_Thing,69,33,0,11.754,-150,33,0,11.594,-154,34,0,11.671,2750,0
2021-04-09 14:57:15.921554,JA_EMS_Demonstrator_Thing,69,33,0,11.755,-150,33,0,11.594,-154,34,0,11.671,2800,0
2021-04-09 14:57:15.980679,JA_EMS_Demonstrator_Thing,69,33,0,11.755,-150,33,0,11.594,-154,34,0,11.671,2850,0
2021-04-09 14:57:16.043480,JA_EMS_Demonstrator_Thing,69,33,0,11.756,-150,33,0,11.594,-154,34,0,11.671,2900,0
2021-04-09 14:57:16.102528,JA_EMS_Demonstrator_Thing,69,33,0,11.756,-150,33,0,11.594,-154,34,0,11.671,2950,0
2021-04-09 14:57:16.162524,JA_EMS_Demonstrator_Thing,69,33,0,11.755,-150,33,0,11.594,-154,34,0,11.671,3000,0
2021-04-09 14:57:16.223036,JA_EMS_Demonstrator_Thing,69,33,0,11.754,-150,33,0,11.594,-154,34,0,11.671,3050,0
2021-04-09 14:57:16.280777,JA_EMS_Demonstrator_Thing,69,33,0,11.754,-150,33,0,11.594,-154,34,0,11.671,3100,0
2021-04-09 14:57:16.342881,JA_EMS_Demonstrator_Thing,69,33,0,11.754,-150,33,0,11.594,-154,34,0,11.671,3150,0
2021-04-09 14:57:16.402087,JA_EMS_Demonstrator_Thing,69,33,0,11.753,-150,33,0,11.594,-154,34,0,11.671,3200,0
2021-04-09 14:57:16.463428,JA_EMS_Demonstrator_Thing,69,33,0,11.753,-150,33,0,11.594,-154,34,0,11.671,3250,0
2021-04-09 14:57:16.522261,JA_EMS_Demonstrator_Thing,69,33,0,11.753,-150,33,0,11.594,-154,34,0,11.671,3300,0
2021-04-09 14:57:16.582350,JA_EMS_Demonstrator_Thing,69,33,0,11.752,-150,33,0,11.594,-154,34,0,11.671,3350,0
2021-04-09 14:57:16.640509,JA_EMS_Demonstrator_Thing,69,33,0,11.752,-150,33,0,11.594,-154,34,0,11.671,3400,0
2021-04-09 14:57:16.697956,JA_EMS_Demonstrator_Thing,69,33,0,11.752,-150,33,0,11.594,-154,34,0,11.671,3450,0
2021-04-09 14:57:16.758304,JA_EMS_Demonstrator_Thing,69,33,0,11.753,-150,33,0,11.594,-154,34,0,11.671,3500,0
2021-04-09 14:57:16.818864,JA_EMS_Demonstrator_Thing,69,33,0,11.753,-150,33,0,11.594,-154,34,0,11.671,3550,0
2021-04-09 14:57:16.878048,JA_EMS_Demonstrator_Thing,69,33,0,11.753,-150,33,0,11.594,-154,34,0,11.671,3600,0
2021-04-09 14:57:16.938563,JA_EMS_Demonstrator_Thing,69,33,0,11.753,-150,33,0,11.594,-154,34,0,11.671,3650,0
2021-04-09 14:57:16.997870,JA_EMS_Demonstrator_Thing,69,33,0,11.753,-150,33,0,11.594,-154,34,0,11.671,3700,0
2021-04-09 14:57:17.058371,JA_EMS_Demonstrator_Thing,69,33,0,11.753,-150,33,0,11.594,-154,34,0,11.671,3750,0
2021-04-09 14:57:17.118919,JA_EMS_Demonstrator_Thing,69,33,0,11.753,-150,33,0,11.594,-154,34,0,11.671,3800,0
2021-04-09 14:57:17.178152,JA_EMS_Demonstrator_Thing,69,33,0,11.753,-150,33,0,11.594,-154,34,0,11.671,3850,0
2021-04-09 14:57:17.238565,JA_EMS_Demonstrator_Thing,69,33,0,11.752,-150,33,0,11.594,-154,34,0,11.671,3900,0
2021-04-09 14:57:17.297792,JA_EMS_Demonstrator_Thing,69,33,0,11.752,-150,33,0,11.594,-154,34,0,11.671,3950,0
2021-04-09 14:57:17.363302,JA_EMS_Demonstrator_Thing,69,33,0,11.752,-150,33,0,11.594,-154,34,0,11.671,4000,0
2021-04-09 14:57:17.423597,JA_EMS_Demonstrator_Thing,69,33,0,11.752,-150,33,0,11.594,-154,34,0,11.671,4050,0
2021-04-09 14:57:17.481270,JA_EMS_Demonstrator_Thing,69,33,0,11.752,-150,33,0,11.594,-154,34,0,11.671,4100,0
2021-04-09 14:57:17.542691,JA_EMS_Demonstrator_Thing,69,33,0,11.752,-150,33,0,11.594,-154,34,0,11.671,4150,0
2021-04-09 14:57:17.602552,JA_EMS_Demonstrator_Thing,69,33,0,11.752,-150,33,0,11.594,-154,34,0,11.671,4200,0
2021-04-09 14:57:17.661452,JA_EMS_Demonstrator_Thing,69,33,0,11.752,-150,33,0,11.594,-154,34,0,11.671,4250,0
2021-04-09 14:57:17.723311,JA_EMS_Demonstrator_Thing,69,33,0,11.752,-150,33,0,11.594,-154,34,0,11.671,4300,0
2021-04-09 14:57:17.782212,JA_EMS_Demonstrator_Thing,69,33,0,11.752,-150,33,0,11.594,-154,34,0,11.671,4350,0
2021-04-09 14:57:17.842303,JA_EMS_Demonstrator_Thing,69,33,0,11.752,-150,33,0,11.594,-154,34,0,11.671,4400,0
2021-04-09 14:57:17.901365,JA_EMS_Demonstrator_Thing,69,33,0,11.751,-150,33,0,11.594,-154,34,0,11.671,4450,0
2021-04-09 14:57:17.961754,JA_EMS_Demonstrator_Thing,69,33,0,11.75,-150,33,0,11.594,-154,34,0,11.671,4500,0
2021-04-09 14:57:18.022482,JA_EMS_Demonstrator_Thing,69,33,0,11.749,-150,33,0,11.594,-154,34,0,11.671,4550,0
2021-04-09 14:57:18.081482,JA_EMS_Demonstrator_Thing,69,33,0,11.749,-150,33,0,11.594,-154,34,0,11.671,4600,0
2021-04-09 14:57:18.142004,JA_EMS_Demonstrator_Thing,69,33,0,11.748,-150,33,0,11.594,-154,34,0,11.671,4650,0
2021-04-09 14:57:18.201249,JA_EMS_Demonstrator_Thing,69,33,0,11.748,-150,33,0,11.594,-154,34,0,11.671,4700,0
2021-04-09 14:57:18.261709,JA_EMS_Demonstrator_Thing,69,33,0,11.748,-150,33,0,11.593,-154,34,0,11.671,4750,0
2021-04-09 14:57:18.322340,JA_EMS_Demonstrator_Thing,69,33,0,11.748,-150,33,0,11.593,-154,34,0,11.671,4800,0
2021-04-09 14:57:18.382515,JA_EMS_Demonstrator_Thing,69,33,0,11.748,-150,33,0,11.593,-154,34,0,11.671,4850,0
2021-04-09 14:57:18.440694,JA_EMS_Demonstrator_Thing,69,33,0,11.748,-150,33,0,11.593,-154,34,0,11.671,4900,0
2021-04-09 14:57:18.500813,JA_EMS_Demonstrator_Thing,69,33,0,11.748,-150,33,0,11.593,-154,34,0,11.671,4950,0
2021-04-09 14:57:18.562945,JA_EMS_Demonstrator_Thing,69,33,0,11.748,-150,33,0,11.593,-154,34,0,11.671,5000,0
2021-04-09 14:57:18.622082,JA_EMS_Demonstrator_Thing,69,33,0,11.748,-150,33,0,11.593,-154,34,0,11.671,5050,0
2021-04-09 14:57:18.681305,JA_EMS_Demonstrator_Thing,69,33,0,11.748,-150,33,0,11.593,-154,34,0,11.671,5100,0
2021-04-09 14:57:18.741525,JA_EMS_Demonstrator_Thing,69,33,0,11.748,-150,33,0,11.593,-154,34,0,11.671,5150,0
2021-04-09 14:57:18.800629,JA_EMS_Demonstrator_Thing,69,33,0,11.749,-150,33,0,11.593,-154,34,0,11.671,5200,0
2021-04-09 14:57:18.862474,JA_EMS_Demonstrator_Thing,69,33,0,11.749,-150,33,0,11.593,-154,34,0,11.671,5250,0
2021-04-09 14:57:18.923107,JA_EMS_Demonstrator_Thing,69,33,0,11.749,-150,33,0,11.593,-154,34,0,11.671,5300,0
2021-04-09 14:57:18.980987,JA_EMS_Demonstrator_Thing,69,33,0,11.749,-150,33,0,11.593,-154,34,0,11.671,5350,0
2021-04-09 14:57:19.041199,JA_EMS_Demonstrator_Thing,69,33,0,11.749,-150,33,0,11.593,-154,34,0,11.671,5400,0
2021-04-09 14:57:19.100337,JA_EMS_Demonstrator_Thing,69,33,0,11.75,-150,33,0,11.593,-154,34,0,11.671,5450,0
2021-04-09 14:57:19.162316,JA_EMS_Demonstrator_Thing,69,33,0,11.75,-150,33,0,11.593,-154,34,0,11.671,5500,0
2021-04-09 14:57:19.221742,JA_EMS_Demonstrator_Thing,69,33,0,11.75,-150,33,0,11.593,-154,34,0,11.671,5550,0
2021-04-09 14:57:19.280835,JA_EMS_Demonstrator_Thing,69,33,0,11.751,-150,33,0,11.593,-154,34,0,11.671,5600,0
2021-04-09 14:57:19.340952,JA_EMS_Demonstrator_Thing,69,33,0,11.75,-150,33,0,11.593,-154,34,0,11.671,5650,0
2021-04-09 14:57:19.400251,JA_EMS_Demonstrator_Thing,69,33,0,11.75,-150,33,0,11.593,-154,34,0,11.671,5700,0
2021-04-09 14:57:19.462123,JA_EMS_Demonstrator_Thing,69,33,0,11.75,-150,33,0,11.593,-154,34,0,11.671,5750,0
2021-04-09 14:57:19.521556,JA_EMS_Demonstrator_Thing,69,33,0,11.75,-150,33,0,11.593,-154,34,0,11.671,5800,0
2021-04-09 14:57:19.580677,JA_EMS_Demonstrator_Thing,69,33,0,11.749,-150,33,0,11.593,-154,34,0,11.671,5850,0
2021-04-09 14:57:19.641098,JA_EMS_Demonstrator_Thing,69,33,0,11.75,-150,33,0,11.593,-154,34,0,11.671,5900,0
2021-04-09 14:57:19.700580,JA_EMS_Demonstrator_Thing,69,33,0,11.751,-150,33,0,11.593,-154,34,0,11.671,5950,0
2021-04-09 14:57:19.762596,JA_EMS_Demonstrator_Thing,69,33,0,11.751,-150,33,0,11.593,-154,34,0,11.671,6000,0
2021-04-09 14:57:19.823364,JA_EMS_Demonstrator_Thing,69,33,0,11.75,-150,33,0,11.593,-154,34,0,11.671,6050,0
2021-04-09 14:57:19.879392,JA_EMS_Demonstrator_Thing,69,33,0,11.751,-150,33,0,11.593,-154,34,0,11.671,6100,0
2021-04-09 14:57:19.939862,JA_EMS_Demonstrator_Thing,69,33,0,11.752,-150,33,0,11.593,-154,34,0,11.671,6150,0
2021-04-09 14:57:20.000425,JA_EMS_Demonstrator_Thing,69,33,0,11.752,-150,33,0,11.593,-154,34,0,11.671,6200,0
2021-04-09 14:57:20.062194,JA_EMS_Demonstrator_Thing,69,33,0,11.751,-150,33,0,11.593,-154,34,0,11.671,6250,0
2021-04-09 14:57:20.121640,JA_EMS_Demonstrator_Thing,69,33,0,11.751,-150,33,0,11.593,-154,34,0,11.671,6300,0
2021-04-09 14:57:20.180488,JA_EMS_Demonstrator_Thing,69,33,0,11.752,-150,33,0,11.593,-154,34,0,11.671,6350,0
2021-04-09 14:57:20.241024,JA_EMS_Demonstrator_Thing,69,33,0,11.752,-150,33,0,11.593,-154,34,0,11.671,6400,0
2021-04-09 14:57:20.300340,JA_EMS_Demonstrator_Thing,69,33,0,11.752,-150,33,0,11.593,-154,34,0,11.671,6450,0
2021-04-09 14:57:20.362500,JA_EMS_Demonstrator_Thing,69,33,0,11.752,-150,33,0,11.593,-154,34,0,11.671,6500,0
2021-04-09 14:57:20.422664,JA_EMS_Demonstrator_Thing,69,33,0,11.752,-150,33,0,11.593,-154,34,0,11.671,6550,0
2021-04-09 14:57:20.480532,JA_EMS_Demonstrator_Thing,69,33,0,11.752,-150,33,0,11.593,-154,34,0,11.671,6600,0
2021-04-09 14:57:20.540986,JA_EMS_Demonstrator_Thing,69,33,0,11.751,-150,33,0,11.592,-154,34,0,11.671,6650,0
2021-04-09 14:57:20.600302,JA_EMS_Demonstrator_Thing,69,33,0,11.751,-150,33,0,11.592,-154,34,0,11.671,6700,0
2021-04-09 14:57:20.662721,JA_EMS_Demonstrator_Thing,69,33,0,11.752,-150,33,0,11.592,-154,34,0,11.671,6750,0
2021-04-09 14:57:20.722852,JA_EMS_Demonstrator_Thing,69,33,0,11.752,-150,33,0,11.592,-154,34,0,11.671,6800,0
2021-04-09 14:57:20.780520,JA_EMS_Demonstrator_Thing,69,33,0,11.752,-150,33,0,11.592,-154,34,0,11.671,6850,0
2021-04-09 14:57:20.841044,JA_EMS_Demonstrator_Thing,69,33,0,11.752,-150,33,0,11.592,-154,34,0,11.672,6900,0
2021-04-09 14:57:20.900360,JA_EMS_Demonstrator_Thing,69,33,0,11.752,-150,33,0,11.592,-154,34,0,11.672,6950,0
2021-04-09 14:57:20.962187,JA_EMS_Demonstrator_Thing,69,33,0,11.752,-150,33,0,11.592,-154,34,0,11.672,7000,0
2021-04-09 14:57:21.021690,JA_EMS_Demonstrator_Thing,69,33,0,11.753,-150,33,0,11.592,-154,34,0,11.672,7050,0
2021-04-09 14:57:21.080485,JA_EMS_Demonstrator_Thing,69,33,0,11.753,-150,33,0,11.592,-154,34,0,11.672,7100,0
2021-04-09 14:57:21.140981,JA_EMS_Demonstrator_Thing,69,33,0,11.753,-150,33,0,11.592,-154,34,0,11.672,7150,0
2021-04-09 14:57:21.200357,JA_EMS_Demonstrator_Thing,69,33,0,11.752,-150,33,0,11.592,-154,34,0,11.672,7200,0
2021-04-09 14:57:21.261643,JA_EMS_Demonstrator_Thing,69,33,0,11.752,-150,33,0,11.592,-154,34,0,11.672,7250,0
2021-04-09 14:57:21.321426,JA_EMS_Demonstrator_Thing,69,33,0,11.752,-150,33,0,11.592,-154,34,0,11.672,7300,0
2021-04-09 14:57:21.380577,JA_EMS_Demonstrator_Thing,69,33,0,11.752,-150,33,0,11.592,-154,34,0,11.672,7350,0
2021-04-09 14:57:21.441032,JA_EMS_Demonstrator_Thing,69,33,0,11.751,-150,33,0,11.592,-154,34,0,11.672,7400,0
2021-04-09 14:57:21.500309,JA_EMS_Demonstrator_Thing,69,33,0,11.751,-150,33,0,11.592,-154,34,0,11.672,7450,0
2021-04-09 14:57:21.561479,JA_EMS_Demonstrator_Thing,69,33,0,11.752,-150,33,0,11.592,-154,34,0,11.672,7500,0
2021-04-09 14:57:21.621539,JA_EMS_Demonstrator_Thing,69,33,0,11.751,-150,33,0,11.592,-154,34,0,11.672,7550,0
2021-04-09 14:57:21.680502,JA_EMS_Demonstrator_Thing,69,33,0,11.751,-150,33,0,11.592,-154,34,0,11.672,7600,0
2021-04-09 14:57:21.740994,JA_EMS_Demonstrator_Thing,69,33,0,11.752,-150,33,0,11.592,-154,34,0,11.672,7650,0
2021-04-09 14:57:21.800273,JA_EMS_Demonstrator_Thing,69,33,0,11.751,-150,33,0,11.592,-154,34,0,11.673,7700,0
2021-04-09 14:57:21.860795,JA_EMS_Demonstrator_Thing,69,33,0,11.751,-150,33,0,11.592,-154,34,0,11.673,7750,0
2021-04-09 14:57:21.920111,JA_EMS_Demonstrator_Thing,69,33,0,11.751,-150,33,0,11.592,-154,34,0,11.673,7800,0
2021-04-09 14:57:21.982025,JA_EMS_Demonstrator_Thing,69,33,0,11.751,-150,33,0,11.592,-154,34,0,11.673,7850,0
2021-04-09 14:57:22.042518,JA_EMS_Demonstrator_Thing,69,33,0,11.752,-150,33,0,11.592,-154,34,0,11.673,7900,0
2021-04-09 14:57:22.100333,JA_EMS_Demonstrator_Thing,69,33,0,11.752,-150,33,0,11.592,-154,34,0,11.673,7950,0
2021-04-09 14:57:22.160777,JA_EMS_Demonstrator_Thing,69,33,0,11.751,-150,33,0,11.592,-154,34,0,11.673,8000,0
2021-04-09 14:57:22.219916,JA_EMS_Demonstrator_Thing,69,33,0,11.75,-150,33,0,11.592,-154,34,0,11.673,8050,0
2021-04-09 14:57:22.281911,JA_EMS_Demonstrator_Thing,69,33,0,11.75,-150,33,0,11.592,-154,34,0,11.673,8100,0
2021-04-09 14:57:22.343707,JA_EMS_Demonstrator_Thing,69,33,0,11.75,-150,33,0,11.592,-154,34,0,11.673,8150,0
2021-04-09 14:57:22.401038,JA_EMS_Demonstrator_Thing,69,33,0,11.75,-150,33,0,11.592,-154,34,0,11.673,8200,0
2021-04-09 14:57:22.461538,JA_EMS_Demonstrator_Thing,69,33,0,11.75,-150,33,0,11.592,-154,34,0,11.673,8250,0
2021-04-09 14:57:22.519897,JA_EMS_Demonstrator_Thing,69,33,0,11.75,-150,33,0,11.592,-154,34,0,11.673,8300,0
2021-04-09 14:57:22.582520,JA_EMS_Demonstrator_Thing,69,33,0,11.75,-150,33,0,11.592,-154,34,0,11.673,8350,0
2021-04-09 14:57:22.641856,JA_EMS_Demonstrator_Thing,69,33,0,11.75,-150,33,0,11.592,-154,34,0,11.673,8400,0
2021-04-09 14:57:22.699942,JA_EMS_Demonstrator_Thing,69,33,0,11.75,-150,33,0,11.592,-154,34,0,11.673,8450,0
2021-04-09 14:57:22.759769,JA_EMS_Demonstrator_Thing,69,33,0,11.749,-150,33,0,11.592,-154,34,0,11.673,8500,0
2021-04-09 14:57:22.822085,JA_EMS_Demonstrator_Thing,69,33,0,11.749,-150,33,0,11.592,-154,34,0,11.673,8550,0
2021-04-09 14:57:22.882569,JA_EMS_Demonstrator_Thing,69,33,0,11.749,-150,33,0,11.592,-154,34,0,11.673,8600,0
2021-04-09 14:57:22.942792,JA_EMS_Demonstrator_Thing,69,33,0,11.749,-150,33,0,11.592,-154,34,0,11.673,8650,0
2021-04-09 14:57:23.000555,JA_EMS_Demonstrator_Thing,69,33,0,11.749,-150,33,0,11.592,-154,34,0,11.673,8700,0
2021-04-09 14:57:23.060990,JA_EMS_Demonstrator_Thing,69,33,0,11.749,-150,33,0,11.592,-154,34,0,11.673,8750,0
2021-04-09 14:57:23.120392,JA_EMS_Demonstrator_Thing,69,33,0,11.75,-150,33,0,11.592,-154,34,0,11.673,8800,0
2021-04-09 14:57:23.182543,JA_EMS_Demonstrator_Thing,69,33,0,11.75,-150,33,0,11.592,-154,34,0,11.673,8850,0
2021-04-09 14:57:23.243559,JA_EMS_Demonstrator_Thing,69,33,0,11.75,-150,33,0,11.592,-154,34,0,11.673,8900,0
2021-04-09 14:57:23.301432,JA_EMS_Demonstrator_Thing,69,33,0,11.751,-150,33,0,11.592,-154,34,0,11.673,8950,0
2021-04-09 14:57:23.361916,JA_EMS_Demonstrator_Thing,69,33,0,11.751,-150,33,0,11.592,-154,34,0,11.673,9000,0
2021-04-09 14:57:23.421624,JA_EMS_Demonstrator_Thing,69,33,0,11.75,-150,33,0,11.592,-154,34,0,11.673,9050,0
2021-04-09 14:57:23.482065,JA_EMS_Demonstrator_Thing,69,33,0,11.751,-150,33,0,11.592,-154,34,0,11.673,9100,0
2021-04-09 14:57:23.542933,JA_EMS_Demonstrator_Thing,69,33,0,11.751,-150,33,0,11.592,-154,34,0,11.673,9150,0
2021-04-09 14:57:23.601634,JA_EMS_Demonstrator_Thing,69,33,0,11.751,-150,33,0,11.592,-154,34,0,11.673,9200,0
2021-04-09 14:57:23.661131,JA_EMS_Demonstrator_Thing,69,33,0,11.751,-150,33,0,11.592,-154,34,0,11.673,9250,0
2021-04-09 14:57:23.720894,JA_EMS_Demonstrator_Thing,69,33,0,11.751,-150,33,0,11.592,-154,34,0,11.673,9300,0
2021-04-09 14:57:23.781235,JA_EMS_Demonstrator_Thing,69,33,0,11.751,-150,33,0,11.592,-154,34,0,11.673,9350,0
2021-04-09 14:57:23.842195,JA_EMS_Demonstrator_Thing,69,33,0,11.751,-150,33,0,11.592,-154,34,0,11.673,9400,0
2021-04-09 14:57:23.900639,JA_EMS_Demonstrator_Thing,69,33,0,11.751,-150,33,0,11.592,-154,34,0,11.673,9450,0
2021-04-09 14:57:23.961232,JA_EMS_Demonstrator_Thing,69,33,0,11.751,-150,33,0,11.592,-154,34,0,11.673,9500,0
2021-04-09 14:57:24.021082,JA_EMS_Demonstrator_Thing,69,33,0,11.751,-150,33,0,11.592,-154,34,0,11.673,9550,0
2021-04-09 14:57:24.081766,JA_EMS_Demonstrator_Thing,69,33,0,11.751,-150,33,0,11.592,-154,34,0,11.673,9600,0
2021-04-09 14:57:24.142933,JA_EMS_Demonstrator_Thing,69,33,0,11.751,-150,33,0,11.592,-154,34,0,11.673,9650,0
2021-04-09 14:57:24.202290,JA_EMS_Demonstrator_Thing,69,33,0,11.751,-150,33,0,11.592,-154,34,0,11.673,9700,0
2021-04-09 14:57:24.262045,JA_EMS_Demonstrator_Thing,69,33,0,11.751,-150,33,0,11.592,-154,34,0,11.673,9750,0
2021-04-09 14:57:24.320365,JA_EMS_Demonstrator_Thing,69,33,0,11.751,-150,33,0,11.592,-154,34,0,11.673,9800,0
2021-04-09 14:57:24.380705,JA_EMS_Demonstrator_Thing,69,33,0,11.751,-150,33,0,11.592,-154,34,0,11.673,9850,0
2021-04-09 14:57:24.441224,JA_EMS_Demonstrator_Thing,69,33,0,11.751,-150,33,0,11.592,-154,34,0,11.673,9900,0
2021-04-09 14:57:24.501999,JA_EMS_Demonstrator_Thing,69,33,0,11.751,-150,33,0,11.592,-154,34,0,11.673,9950,0
2021-04-09 14:57:24.562657,JA_EMS_Demonstrator_Thing,69,33,0,11.752,-150,33,0,11.592,-154,34,0,11.673,10000,0
2021-04-09 14:57:24.620433,JA_EMS_Demonstrator_Thing,69,33,0,11.751,-150,33,0,11.592,-154,34,0,11.673,10050,0
2021-04-09 14:57:24.680925,JA_EMS_Demonstrator_Thing,69,33,0,11.751,-150,33,0,11.592,-154,34,0,11.673,10100,0
2021-04-09 14:57:24.743220,JA_EMS_Demonstrator_Thing,69,33,0,11.751,-150,33,0,11.592,-154,34,0,11.673,10150,0
2021-04-09 14:57:24.802248,JA_EMS_Demonstrator_Thing,69,33,0,11.751,-150,33,0,11.592,-154,34,0,11.673,10200,0
2021-04-09 14:57:24.862796,JA_EMS_Demonstrator_Thing,69,33,0,11.751,-150,33,0,11.592,-154,34,0,11.673,10250,0
2021-04-09 14:57:24.920364,JA_EMS_Demonstrator_Thing,69,33,0,11.751,-150,33,0,11.592,-154,34,0,11.673,10300,0
2021-04-09 14:57:24.980806,JA_EMS_Demonstrator_Thing,69,33,0,11.751,-150,33,0,11.592,-154,34,0,11.673,10350,0
2021-04-09 14:57:25.041339,JA_EMS_Demonstrator_Thing,69,33,0,11.751,-150,33,0,11.592,-154,34,0,11.673,10400,0
2021-04-09 14:57:25.103555,JA_EMS_Demonstrator_Thing,69,33,0,11.75,-150,33,0,11.592,-154,34,0,11.673,10450,0
2021-04-09 14:57:25.162554,JA_EMS_Demonstrator_Thing,69,33,0,11.75,-150,33,0,11.592,-154,34,0,11.673,10500,0
2021-04-09 14:57:25.219465,JA_EMS_Demonstrator_Thing,69,33,0,11.75,-150,33,0,11.592,-154,34,0,11.673,10550,0
2021-04-09 14:57:25.279526,JA_EMS_Demonstrator_Thing,69,33,0,11.75,-150,33,0,11.592,-154,34,0,11.673,10600,0
2021-04-09 14:57:25.341246,JA_EMS_Demonstrator_Thing,69,33,0,11.75,-150,33,0,11.592,-154,34,0,11.673,10650,0
2021-04-09 14:57:25.402059,JA_EMS_Demonstrator_Thing,69,33,0,11.75,-150,33,0,11.592,-154,34,0,11.673,10700,0
2021-04-09 14:57:25.462521,JA_EMS_Demonstrator_Thing,69,33,0,11.75,-150,33,0,11.592,-154,34,0,11.673,10750,0
2021-04-09 14:57:25.520216,JA_EMS_Demonstrator_Thing,69,33,0,11.75,-150,33,0,11.592,-154,34,0,11.673,10800,0
2021-04-09 14:57:25.580658,JA_EMS_Demonstrator_Thing,69,33,0,11.75,-150,33,0,11.592,-154,34,0,11.673,10850,0
2021-04-09 14:57:25.641271,JA_EMS_Demonstrator_Thing,69,33,0,11.751,-150,33,0,11.592,-154,34,0,11.673,10900,0
2021-04-09 14:57:25.702113,JA_EMS_Demonstrator_Thing,69,33,0,11.751,-150,33,0,11.592,-154,34,0,11.673,10950,0
2021-04-09 14:57:25.762561,JA_EMS_Demonstrator_Thing,69,33,0,11.751,-150,33,0,11.592,-154,34,0,11.673,11000,0
2021-04-09 14:57:25.820175,JA_EMS_Demonstrator_Thing,69,33,0,11.751,-150,33,0,11.592,-154,34,0,11.673,11050,0
2021-04-09 14:57:25.880762,JA_EMS_Demonstrator_Thing,69,33,0,11.751,-150,33,0,11.592,-154,34,0,11.673,11100,0
2021-04-09 14:57:25.941151,JA_EMS_Demonstrator_Thing,69,33,0,11.75,-150,33,0,11.592,-154,34,0,11.673,11150,0
2021-04-09 14:57:26.001835,JA_EMS_Demonstrator_Thing,69,33,0,11.75,-150,33,0,11.592,-154,34,0,11.673,11200,0
2021-04-09 14:57:26.062537,JA_EMS_Demonstrator_Thing,69,33,0,11.75,-150,33,0,11.592,-154,34,0,11.673,11250,0
2021-04-09 14:57:26.120389,JA_EMS_Demonstrator_Thing,69,33,0,11.751,-150,33,0,11.592,-154,34,0,11.673,11300,0
2021-04-09 14:57:26.180735,JA_EMS_Demonstrator_Thing,69,33,0,11.751,-150,33,0,11.593,-154,34,0,11.673,11350,0
2021-04-09 14:57:26.241429,JA_EMS_Demonstrator_Thing,69,33,0,11.751,-150,33,0,11.593,-154,34,0,11.673,11400,0
2021-04-09 14:57:26.301981,JA_EMS_Demonstrator_Thing,69,33,0,11.75,-150,33,0,11.593,-154,34,0,11.673,11450,0
2021-04-09 14:57:26.362876,JA_EMS_Demonstrator_Thing,69,33,0,11.749,-150,33,0,11.593,-154,34,0,11.673,11500,0
2021-04-09 14:57:26.420428,JA_EMS_Demonstrator_Thing,69,33,0,11.749,-150,33,0,11.593,-154,34,0,11.673,11550,0
2021-04-09 14:57:26.480909,JA_EMS_Demonstrator_Thing,69,33,0,11.749,-150,33,0,11.593,-154,34,0,11.673,11600,0
2021-04-09 14:57:26.541383,JA_EMS_Demonstrator_Thing,69,33,0,11.749,-150,33,0,11.593,-154,34,0,11.673,11650,0
2021-04-09 14:57:26.601843,JA_EMS_Demonstrator_Thing,69,33,0,11.749,-150,33,0,11.593,-154,34,0,11.673,11700,0
2021-04-09 14:57:26.662775,JA_EMS_Demonstrator_Thing,69,33,0,11.749,-150,33,0,11.593,-154,34,0,11.673,11750,0
2021-04-09 14:57:26.720491,JA_EMS_Demonstrator_Thing,69,33,0,11.749,-150,33,0,11.593,-154,34,0,11.673,11800,0
2021-04-09 14:57:26.781096,JA_EMS_Demonstrator_Thing,69,33,0,11.749,-150,33,0,11.593,-154,34,0,11.673,11850,0
2021-04-09 14:57:26.841552,JA_EMS_Demonstrator_Thing,69,33,0,11.749,-150,33,0,11.593,-154,34,0,11.673,11900,0
2021-04-09 14:57:26.901638,JA_EMS_Demonstrator_Thing,69,33,0,11.75,-150,33,0,11.593,-154,34,0,11.673,11950,0
2021-04-09 14:57:26.962870,JA_EMS_Demonstrator_Thing,69,33,0,11.751,-150,33,0,11.593,-154,34,0,11.673,12000,0
2021-04-09 14:57:27.020431,JA_EMS_Demonstrator_Thing,69,33,0,11.752,-150,33,0,11.593,-154,34,0,11.673,12050,0
2021-04-09 14:57:27.080895,JA_EMS_Demonstrator_Thing,69,33,0,11.752,-150,33,0,11.593,-154,34,0,11.673,12100,0
2021-04-09 14:57:27.141419,JA_EMS_Demonstrator_Thing,69,33,0,11.753,-150,33,0,11.593,-154,34,0,11.673,12150,0
2021-04-09 14:57:27.201659,JA_EMS_Demonstrator_Thing,69,33,0,11.753,-150,33,0,11.593,-154,34,0,11.673,12200,0
2021-04-09 14:57:27.262718,JA_EMS_Demonstrator_Thing,69,33,0,11.753,-150,33,0,11.593,-154,34,0,11.673,12250,0
2021-04-09 14:57:27.320324,JA_EMS_Demonstrator_Thing,69,33,0,11.753,-150,33,0,11.593,-154,34,0,11.673,12300,0
2021-04-09 14:57:27.380841,JA_EMS_Demonstrator_Thing,69,33,0,11.753,-150,33,0,11.593,-154,34,0,11.673,12350,0
2021-04-09 14:57:27.441350,JA_EMS_Demonstrator_Thing,69,33,0,11.753,-150,33,0,11.593,-154,34,0,11.673,12400,0
2021-04-09 14:57:27.500735,JA_EMS_Demonstrator_Thing,69,33,0,11.752,-150,33,0,11.593,-154,34,0,11.673,12450,0
2021-04-09 14:57:27.561129,JA_EMS_Demonstrator_Thing,69,33,0,11.752,-150,33,0,11.593,-154,34,0,11.673,12500,0
2021-04-09 14:57:27.621946,JA_EMS_Demonstrator_Thing,69,33,0,11.752,-150,33,0,11.593,-154,34,0,11.673,12550,0
2021-04-09 14:57:27.682452,JA_EMS_Demonstrator_Thing,69,33,0,11.752,-150,33,0,11.593,-154,34,0,11.673,12600,0
2021-04-09 14:57:27.741428,JA_EMS_Demonstrator_Thing,69,33,0,11.753,-150,33,0,11.593,-154,34,0,11.673,12650,0
2021-04-09 14:57:27.800538,JA_EMS_Demonstrator_Thing,69,33,0,11.753,-150,33,0,11.593,-154,34,0,11.673,12700,0
2021-04-09 14:57:27.861065,JA_EMS_Demonstrator_Thing,69,33,0,11.753,-150,33,0,11.594,-154,34,0,11.673,12750,0
2021-04-09 14:57:27.921932,JA_EMS_Demonstrator_Thing,69,33,0,11.754,-150,33,0,11.594,-154,34,0,11.673,12800,0
2021-04-09 14:57:27.982196,JA_EMS_Demonstrator_Thing,69,33,0,11.753,-150,33,0,11.594,-154,34,0,11.673,12850,0
2021-04-09 14:57:28.041234,JA_EMS_Demonstrator_Thing,69,33,0,11.754,-150,33,0,11.594,-154,34,0,11.673,12900,0
2021-04-09 14:57:28.100552,JA_EMS_Demonstrator_Thing,69,33,0,11.754,-150,33,0,11.594,-154,34,0,11.673,12950,0
2021-04-09 14:57:28.160968,JA_EMS_Demonstrator_Thing,69,33,0,11.754,-150,33,0,11.594,-154,34,0,11.673,13000,0
2021-04-09 14:57:28.221984,JA_EMS_Demonstrator_Thing,69,33,0,11.754,-150,33,0,11.594,-154,34,0,11.673,13050,0
2021-04-09 14:57:28.282342,JA_EMS_Demonstrator_Thing,69,33,0,11.754,-150,33,0,11.594,-154,34,0,11.673,13100,0
2021-04-09 14:57:28.341229,JA_EMS_Demonstrator_Thing,69,33,0,11.753,-150,33,0,11.594,-154,34,0,11.673,13150,0
2021-04-09 14:57:28.400461,JA_EMS_Demonstrator_Thing,69,33,0,11.753,-150,33,0,11.594,-154,34,0,11.673,13200,0
2021-04-09 14:57:28.460906,JA_EMS_Demonstrator_Thing,69,33,0,11.753,-150,33,0,11.594,-154,34,0,11.673,13250,0
2021-04-09 14:57:28.521718,JA_EMS_Demonstrator_Thing,69,33,0,11.753,-150,33,0,11.594,-154,34,0,11.673,13300,0
2021-04-09 14:57:28.582266,JA_EMS_Demonstrator_Thing,69,33,0,11.754,-150,33,0,11.594,-154,34,0,11.673,13350,0
2021-04-09 14:57:28.641304,JA_EMS_Demonstrator_Thing,69,33,0,11.754,-150,33,0,11.594,-154,34,0,11.673,13400,0
2021-04-09 14:57:28.701982,JA_EMS_Demonstrator_Thing,69,33,0,11.754,-150,33,0,11.594,-154,34,0,11.673,13450,0
2021-04-09 14:57:28.762728,JA_EMS_Demonstrator_Thing,69,33,0,11.755,-150,33,0,11.594,-154,34,0,11.673,13500,0
2021-04-09 14:57:28.822368,JA_EMS_Demonstrator_Thing,69,33,0,11.754,-150,33,0,11.594,-154,34,0,11.673,13550,0
2021-04-09 14:57:28.882850,JA_EMS_Demonstrator_Thing,69,33,0,11.753,-150,33,0,11.594,-154,34,0,11.673,13600,0
2021-04-09 14:57:28.942114,JA_EMS_Demonstrator_Thing,69,33,0,11.754,-150,33,0,11.594,-154,34,0,11.673,13650,0
2021-04-09 14:57:29.001560,JA_EMS_Demonstrator_Thing,69,33,0,11.754,-150,33,0,11.594,-154,34,0,11.673,13700,0
2021-04-09 14:57:29.061379,JA_EMS_Demonstrator_Thing,69,33,0,11.754,-150,33,0,11.594,-154,34,0,11.673,13750,0
2021-04-09 14:57:29.120692,JA_EMS_Demonstrator_Thing,69,33,0,11.754,-150,33,0,11.594,-154,34,0,11.673,13800,0
2021-04-09 14:57:29.181128,JA_EMS_Demonstrator_Thing,69,33,0,11.754,-150,33,0,11.594,-154,34,0,11.673,13850,0
2021-04-09 14:57:29.242218,JA_EMS_Demonstrator_Thing,69,33,0,11.754,-150,33,0,11.594,-154,34,0,11.673,13900,0
2021-04-09 14:57:29.301321,JA_EMS_Demonstrator_Thing,69,33,0,11.753,-150,33,0,11.594,-154,34,0,11.673,13950,0
2021-04-09 14:57:29.361375,JA_EMS_Demonstrator_Thing,69,33,0,11.753,-150,33,0,11.594,-154,34,0,11.673,14000,0
2021-04-09 14:57:29.422291,JA_EMS_Demonstrator_Thing,69,33,0,11.753,-150,33,0,11.594,-154,34,0,11.673,14050,0
2021-04-09 14:57:29.482595,JA_EMS_Demonstrator_Thing,69,33,0,11.752,-150,33,0,11.594,-154,34,0,11.673,14100,0
2021-04-09 14:57:29.541923,JA_EMS_Demonstrator_Thing,69,33,0,11.752,-150,33,0,11.594,-154,34,0,11.673,14150,0
2021-04-09 14:57:29.601685,JA_EMS_Demonstrator_Thing,69,33,0,11.752,-150,33,0,11.594,-154,34,0,11.673,14200,0
2021-04-09 14:57:29.661421,JA_EMS_Demonstrator_Thing,69,33,0,11.752,-150,33,0,11.594,-154,34,0,11.673,14250,0
2021-04-09 14:57:29.722303,JA_EMS_Demonstrator_Thing,69,33,0,11.752,-150,33,0,11.594,-154,34,0,11.673,14300,0
2021-04-09 14:57:29.782995,JA_EMS_Demonstrator_Thing,69,33,0,11.752,-150,33,0,11.594,-154,34,0,11.673,14350,0
2021-04-09 14:57:29.842321,JA_EMS_Demonstrator_Thing,69,33,0,11.753,-150,33,0,11.594,-154,34,0,11.673,14400,0
2021-04-09 14:57:29.901435,JA_EMS_Demonstrator_Thing,69,33,0,11.754,-150,33,0,11.594,-154,34,0,11.673,14450,0
2021-04-09 14:57:29.961516,JA_EMS_Demonstrator_Thing,69,33,0,11.753,-150,33,0,11.594,-154,34,0,11.673,14500,0
2021-04-09 14:57:30.022568,JA_EMS_Demonstrator_Thing,69,33,0,11.753,-150,33,0,11.594,-154,34,0,11.673,14550,0
2021-04-09 14:57:30.082876,JA_EMS_Demonstrator_Thing,69,33,0,11.753,-150,33,0,11.594,-154,34,0,11.673,14600,0
2021-04-09 14:57:30.140887,JA_EMS_Demonstrator_Thing,69,33,0,11.753,-150,33,0,11.594,-154,34,0,11.673,14650,0
2021-04-09 14:57:30.199755,JA_EMS_Demonstrator_Thing,69,33,0,11.753,-150,33,0,11.594,-154,34,0,11.673,14700,0
2021-04-09 14:57:30.261441,JA_EMS_Demonstrator_Thing,69,33,0,11.753,-150,33,0,11.594,-154,34,0,11.673,14750,0
2021-04-09 14:57:30.322578,JA_EMS_Demonstrator_Thing,69,33,0,11.753,-150,33,0,11.594,-154,34,0,11.673,14800,0
2021-04-09 14:57:30.383073,JA_EMS_Demonstrator_Thing,69,33,0,11.754,-150,33,0,11.594,-154,34,0,11.673,14850,0
2021-04-09 14:57:30.441027,JA_EMS_Demonstrator_Thing,69,33,0,11.754,-150,33,0,11.594,-154,34,0,11.673,14900,0
2021-04-09 14:57:30.499841,JA_EMS_Demonstrator_Thing,69,33,0,11.754,-150,33,0,11.594,-154,34,0,11.673,14950,0
2021-04-09 14:57:30.561536,JA_EMS_Demonstrator_Thing,69,33,0,11.753,-150,33,0,11.594,-154,34,0,11.673,15000,0
2021-04-09 14:57:30.622571,JA_EMS_Demonstrator_Thing,69,33,0,11.754,-150,33,0,11.594,-154,34,0,11.673,15050,0
2021-04-09 14:57:30.682947,JA_EMS_Demonstrator_Thing,69,33,0,11.754,-150,33,0,11.594,-154,34,0,11.673,15100,0
2021-04-09 14:57:30.741848,JA_EMS_Demonstrator_Thing,69,33,0,11.755,-150,33,0,11.594,-154,34,0,11.673,15150,0
2021-04-09 14:57:30.801140,JA_EMS_Demonstrator_Thing,69,33,0,11.755,-150,33,0,11.594,-154,34,0,11.673,15200,0
2021-04-09 14:57:30.861043,JA_EMS_Demonstrator_Thing,69,33,0,11.754,-150,33,0,11.594,-154,34,0,11.673,15250,0
2021-04-09 14:57:30.922082,JA_EMS_Demonstrator_Thing,69,33,0,11.754,-150,33,0,11.594,-154,34,0,11.673,15300,0
2021-04-09 14:57:30.982436,JA_EMS_Demonstrator_Thing,69,33,0,11.755,-150,33,0,11.594,-154,34,0,11.673,15350,0
2021-04-09 14:57:31.046546,JA_EMS_Demonstrator_Thing,69,33,0,11.754,-150,33,0,11.594,-154,34,0,11.673,15400,0
2021-04-09 14:57:31.101211,JA_EMS_Demonstrator_Thing,69,33,0,11.754,-150,33,0,11.594,-154,34,0,11.673,15450,0
2021-04-09 14:57:31.161190,JA_EMS_Demonstrator_Thing,69,33,0,11.753,-150,33,0,11.594,-154,34,0,11.673,15500,0
2021-04-09 14:57:31.222665,JA_EMS_Demonstrator_Thing,69,33,0,11.753,-150,33,0,11.594,-154,34,0,11.673,15550,0
2021-04-09 14:57:31.282563,JA_EMS_Demonstrator_Thing,69,33,0,11.754,-150,33,0,11.594,-154,34,0,11.673,15600,0
2021-04-09 14:57:31.341978,JA_EMS_Demonstrator_Thing,69,33,0,11.754,-150,33,0,11.594,-154,34,0,11.673,15650,0
2021-04-09 14:57:31.401227,JA_EMS_Demonstrator_Thing,69,33,0,11.753,-150,33,0,11.594,-154,34,0,11.673,15700,0
2021-04-09 14:57:31.461191,JA_EMS_Demonstrator_Thing,69,33,0,11.753,-150,33,0,11.594,-154,34,0,11.673,15750,0
2021-04-09 14:57:31.521769,JA_EMS_Demonstrator_Thing,69,33,0,11.753,-150,33,0,11.594,-154,34,0,11.673,15800,0
2021-04-09 14:57:31.582471,JA_EMS_Demonstrator_Thing,69,33,0,11.754,-150,33,0,11.594,-154,34,0,11.673,15850,0
2021-04-09 14:57:31.642664,JA_EMS_Demonstrator_Thing,69,33,0,11.754,-150,33,0,11.594,-154,34,0,11.673,15900,0
2021-04-09 14:57:31.700991,JA_EMS_Demonstrator_Thing,69,33,0,11.755,-150,33,0,11.594,-154,34,0,11.673,15950,0
2021-04-09 14:57:31.761190,JA_EMS_Demonstrator_Thing,69,33,0,11.754,-150,33,0,11.594,-154,34,0,11.673,16000,0
2021-04-09 14:57:31.821544,JA_EMS_Demonstrator_Thing,69,33,0,11.755,-150,33,0,11.594,-154,34,0,11.673,16050,0
2021-04-09 14:57:31.882427,JA_EMS_Demonstrator_Thing,69,33,0,11.755,-150,33,0,11.594,-154,34,0,11.673,16100,0
2021-04-09 14:57:31.940161,JA_EMS_Demonstrator_Thing,69,33,0,11.755,-150,33,0,11.594,-154,34,0,11.673,16150,0
2021-04-09 14:57:31.999273,JA_EMS_Demonstrator_Thing,69,33,0,11.755,-150,33,0,11.594,-154,34,0,11.673,16200,0
2021-04-09 14:57:32.062261,JA_EMS_Demonstrator_Thing,69,33,0,11.754,-150,33,0,11.594,-154,34,0,11.673,16250,0
2021-04-09 14:57:32.121601,JA_EMS_Demonstrator_Thing,69,33,0,11.755,-150,33,0,11.594,-154,34,0,11.673,16300,0
2021-04-09 14:57:32.180548,JA_EMS_Demonstrator_Thing,69,33,0,11.754,-150,33,0,11.594,-154,34,0,11.673,16350,0
2021-04-09 14:57:32.242959,JA_EMS_Demonstrator_Thing,69,33,0,11.754,-150,33,0,11.594,-154,34,0,11.673,16400,0
2021-04-09 14:57:32.302098,JA_EMS_Demonstrator_Thing,69,33,0,11.754,-150,33,0,11.594,-154,34,0,11.673,16450,0
2021-04-09 14:57:32.360780,JA_EMS_Demonstrator_Thing,69,33,0,11.754,-150,33,0,11.594,-154,34,0,11.673,16500,0
2021-04-09 14:57:32.420144,JA_EMS_Demonstrator_Thing,69,33,0,11.754,-150,33,0,11.594,-154,34,0,11.673,16550,0
2021-04-09 14:57:32.480577,JA_EMS_Demonstrator_Thing,69,33,0,11.754,-150,33,0,11.594,-154,34,0,11.673,16600,0
2021-04-09 14:57:32.542946,JA_EMS_Demonstrator_Thing,69,33,0,11.755,-150,33,0,11.594,-154,34,0,11.673,16650,0
2021-04-09 14:57:32.602752,JA_EMS_Demonstrator_Thing,69,33,0,11.755,-150,33,0,11.594,-154,34,0,11.673,16700,0
2021-04-09 14:57:32.660751,JA_EMS_Demonstrator_Thing,69,33,0,11.755,-150,33,0,11.594,-154,34,0,11.673,16750,0
2021-04-09 14:57:32.720236,JA_EMS_Demonstrator_Thing,69,33,0,11.755,-150,33,0,11.594,-154,34,0,11.673,16800,0
2021-04-09 14:57:32.780593,JA_EMS_Demonstrator_Thing,69,33,0,11.756,-150,33,0,11.594,-154,34,0,11.673,16850,0
2021-04-09 14:57:32.842891,JA_EMS_Demonstrator_Thing,69,33,0,11.756,-150,33,0,11.594,-154,34,0,11.673,16900,0
2021-04-09 14:57:32.902112,JA_EMS_Demonstrator_Thing,69,33,0,11.755,-150,33,0,11.594,-154,34,0,11.673,16950,0
2021-04-09 14:57:32.960795,JA_EMS_Demonstrator_Thing,69,33,0,11.755,-150,33,0,11.594,-154,34,0,11.673,17000,0
2021-04-09 14:57:33.020076,JA_EMS_Demonstrator_Thing,69,33,0,11.755,-150,33,0,11.594,-154,34,0,11.673,17050,0
2021-04-09 14:57:33.080605,JA_EMS_Demonstrator_Thing,69,33,0,11.755,-150,33,0,11.594,-154,34,0,11.673,17100,0
2021-04-09 14:57:33.142981,JA_EMS_Demonstrator_Thing,69,33,0,11.755,-150,33,0,11.594,-154,34,0,11.673,17150,0
2021-04-09 14:57:33.202113,JA_EMS_Demonstrator_Thing,69,33,0,11.755,-150,33,0,11.594,-154,34,0,11.673,17200,0
2021-04-09 14:57:33.261114,JA_EMS_Demonstrator_Thing,69,33,0,11.755,-150,33,0,11.594,-154,34,0,11.673,17250,0
2021-04-09 14:57:33.320166,JA_EMS_Demonstrator_Thing,69,33,0,11.755,-150,33,0,11.594,-154,34,0,11.673,17300,0
2021-04-09 14:57:33.380671,JA_EMS_Demonstrator_Thing,69,33,0,11.755,-150,33,0,11.594,-154,34,0,11.673,17350,0
2021-04-09 14:57:33.442858,JA_EMS_Demonstrator_Thing,69,33,0,11.755,-150,33,0,11.594,-154,34,0,11.673,17400,0
2021-04-09 14:57:33.502108,JA_EMS_Demonstrator_Thing,69,33,0,11.755,-150,33,0,11.594,-154,34,0,11.673,17450,0
2021-04-09 14:57:33.560771,JA_EMS_Demonstrator_Thing,69,33,0,11.755,-150,33,0,11.594,-154,34,0,11.673,17500,0
2021-04-09 14:57:33.620195,JA_EMS_Demonstrator_Thing,69,33,0,11.755,-150,33,0,11.594,-154,34,0,11.673,17550,0
2021-04-09 14:57:33.680550,JA_EMS_Demonstrator_Thing,69,33,0,11.755,-150,33,0,11.594,-154,34,0,11.673,17600,0
2021-04-09 14:57:33.742578,JA_EMS_Demonstrator_Thing,69,33,0,11.754,-150,33,0,11.594,-154,34,0,11.673,17650,0
2021-04-09 14:57:33.802109,JA_EMS_Demonstrator_Thing,69,33,0,11.755,-150,33,0,11.594,-154,34,0,11.673,17700,0
2021-04-09 14:57:33.860811,JA_EMS_Demonstrator_Thing,69,33,0,11.754,-150,33,0,11.594,-154,34,0,11.673,17750,0
2021-04-09 14:57:33.920129,JA_EMS_Demonstrator_Thing,69,33,0,11.754,-150,33,0,11.594,-154,34,0,11.673,17800,0
2021-04-09 14:57:33.980596,JA_EMS_Demonstrator_Thing,69,33,0,11.755,-150,33,0,11.594,-154,34,0,11.673,17850,0
2021-04-09 14:57:34.042237,JA_EMS_Demonstrator_Thing,69,33,0,11.756,-150,33,0,11.594,-154,34,0,11.673,17900,0
2021-04-09 14:57:34.102062,JA_EMS_Demonstrator_Thing,69,33,0,11.756,-150,33,0,11.594,-154,34,0,11.673,17950,0
2021-04-09 14:57:34.160800,JA_EMS_Demonstrator_Thing,69,33,0,11.757,-150,33,0,11.594,-154,34,0,11.673,18000,0
2021-04-09 14:57:34.220094,JA_EMS_Demonstrator_Thing,69,33,0,11.756,-150,33,0,11.594,-154,34,0,11.673,18050,0
2021-04-09 14:57:34.281802,JA_EMS_Demonstrator_Thing,69,33,0,11.756,-150,33,0,11.594,-154,34,0,11.673,18100,0
2021-04-09 14:57:34.342878,JA_EMS_Demonstrator_Thing,69,33,0,11.756,-150,33,0,11.594,-154,34,0,11.673,18150,0
2021-04-09 14:57:34.401225,JA_EMS_Demonstrator_Thing,69,33,0,11.755,-150,33,0,11.594,-154,34,0,11.673,18200,0
2021-04-09 14:57:34.461763,JA_EMS_Demonstrator_Thing,69,33,0,11.755,-150,33,0,11.594,-154,34,0,11.673,18250,0
2021-04-09 14:57:34.520955,JA_EMS_Demonstrator_Thing,69,33,0,11.755,-150,33,0,11.594,-154,34,0,11.673,18300,0
2021-04-09 14:57:34.581499,JA_EMS_Demonstrator_Thing,69,33,0,11.755,-150,33,0,11.594,-154,34,0,11.673,18350,0
2021-04-09 14:57:34.642506,JA_EMS_Demonstrator_Thing,69,33,0,11.754,-150,33,0,11.594,-154,34,0,11.673,18400,0
2021-04-09 14:57:34.701153,JA_EMS_Demonstrator_Thing,69,33,0,11.755,-150,33,0,11.594,-154,34,0,11.673,18450,0
2021-04-09 14:57:34.761664,JA_EMS_Demonstrator_Thing,69,33,0,11.755,-150,33,0,11.594,-154,34,0,11.673,18500,0
2021-04-09 14:57:34.820988,JA_EMS_Demonstrator_Thing,69,33,0,11.755,-150,33,0,11.594,-154,34,0,11.673,18550,0
2021-04-09 14:57:34.881453,JA_EMS_Demonstrator_Thing,69,33,0,11.756,-150,33,0,11.594,-154,34,0,11.673,18600,0
2021-04-09 14:57:34.942570,JA_EMS_Demonstrator_Thing,69,33,0,11.757,-150,33,0,11.594,-154,34,0,11.673,18650,0
2021-04-09 14:57:35.001069,JA_EMS_Demonstrator_Thing,69,33,0,11.757,-150,33,0,11.594,-154,34,0,11.673,18700,0
2021-04-09 14:57:35.063479,JA_EMS_Demonstrator_Thing,69,33,0,11.757,-150,33,0,11.594,-154,34,0,11.673,18750,0
2021-04-09 14:57:35.122732,JA_EMS_Demonstrator_Thing,69,33,0,11.758,-150,33,0,11.594,-154,34,0,11.673,18800,0
2021-04-09 14:57:35.181360,JA_EMS_Demonstrator_Thing,69,33,0,11.758,-150,33,0,11.594,-154,34,0,11.673,18850,0
2021-04-09 14:57:35.242418,JA_EMS_Demonstrator_Thing,69,33,0,11.757,-150,33,0,11.594,-154,34,0,11.673,18900,0
2021-04-09 14:57:35.301029,JA_EMS_Demonstrator_Thing,69,33,0,11.758,-150,33,0,11.594,-154,34,0,11.673,18950,0
2021-04-09 14:57:35.363275,JA_EMS_Demonstrator_Thing,69,33,0,11.757,-150,33,0,11.594,-154,34,0,11.673,19000,0
2021-04-09 14:57:35.422502,JA_EMS_Demonstrator_Thing,69,33,0,11.757,-150,33,0,11.594,-154,34,0,11.673,19050,0
2021-04-09 14:57:35.481335,JA_EMS_Demonstrator_Thing,69,33,0,11.756,-150,33,0,11.594,-154,34,0,11.673,19100,0
2021-04-09 14:57:35.542423,JA_EMS_Demonstrator_Thing,69,33,0,11.756,-150,33,0,11.594,-154,34,0,11.673,19150,0
2021-04-09 14:57:35.602015,JA_EMS_Demonstrator_Thing,69,33,0,11.755,-150,33,0,11.594,-154,34,0,11.673,19200,0
2021-04-09 14:57:35.663302,JA_EMS_Demonstrator_Thing,69,33,0,11.755,-150,33,0,11.594,-154,34,0,11.673,19250,0
2021-04-09 14:57:35.722583,JA_EMS_Demonstrator_Thing,69,33,0,11.755,-150,33,0,11.594,-154,34,0,11.673,19300,0
2021-04-09 14:57:35.781408,JA_EMS_Demonstrator_Thing,69,33,0,11.755,-150,33,0,11.594,-154,34,0,11.673,19350,0
2021-04-09 14:57:35.842400,JA_EMS_Demonstrator_Thing,69,33,0,11.754,-150,33,0,11.594,-154,34,0,11.673,19400,0
2021-04-09 14:57:35.901015,JA_EMS_Demonstrator_Thing,69,33,0,11.754,-150,33,0,11.594,-154,34,0,11.673,19450,0
2021-04-09 14:57:35.963253,JA_EMS_Demonstrator_Thing,69,33,0,11.754,-150,33,0,11.594,-154,34,0,11.673,19500,0
2021-04-09 14:57:36.022536,JA_EMS_Demonstrator_Thing,69,33,0,11.755,-150,33,0,11.594,-154,34,0,11.673,19550,0
2021-04-09 14:57:36.081481,JA_EMS_Demonstrator_Thing,69,33,0,11.755,-150,33,0,11.594,-154,34,0,11.673,19600,0
2021-04-09 14:57:36.142420,JA_EMS_Demonstrator_Thing,69,33,0,11.755,-150,33,0,11.594,-154,34,0,11.673,19650,0
2021-04-09 14:57:36.201627,JA_EMS_Demonstrator_Thing,69,33,0,11.755,-150,33,0,11.594,-154,34,0,11.673,19700,0
2021-04-09 14:57:36.263452,JA_EMS_Demonstrator_Thing,69,33,0,11.755,-150,33,0,11.594,-154,34,0,11.673,19750,0
2021-04-09 14:57:36.322951,JA_EMS_Demonstrator_Thing,69,33,0,11.755,-150,33,0,11.594,-154,34,0,11.673,19800,0
2021-04-09 14:57:36.380378,JA_EMS_Demonstrator_Thing,69,33,0,11.756,-150,33,0,11.594,-154,34,0,11.673,19850,0
2021-04-09 14:57:36.441070,JA_EMS_Demonstrator_Thing,69,33,0,11.756,-150,33,0,11.594,-154,34,0,11.673,19900,0
2021-04-09 14:57:36.500999,JA_EMS_Demonstrator_Thing,69,33,0,11.756,-150,33,0,11.594,-154,34,0,11.673,19950,0
2021-04-09 14:57:36.563803,JA_EMS_Demonstrator_Thing,69,33,0,11.756,-150,33,0,11.594,-154,34,0,11.673,20000,0
2021-04-09 14:57:36.622866,JA_EMS_Demonstrator_Thing,69,33,0,11.755,-150,33,0,11.594,-154,34,0,11.673,20050,0
2021-04-09 14:57:36.680260,JA_EMS_Demonstrator_Thing,69,33,0,11.755,-150,33,0,11.594,-154,34,0,11.673,20100,0
2021-04-09 14:57:36.741438,JA_EMS_Demonstrator_Thing,69,33,0,11.755,-150,33,0,11.594,-154,34,0,11.673,20150,0
2021-04-09 14:57:36.801960,JA_EMS_Demonstrator_Thing,69,33,0,11.754,-150,33,0,11.594,-154,34,0,11.673,20200,0
2021-04-09 14:57:36.862129,JA_EMS_Demonstrator_Thing,69,33,0,11.754,-150,33,0,11.594,-154,34,0,11.673,20250,0
2021-04-09 14:57:36.921371,JA_EMS_Demonstrator_Thing,69,33,0,11.755,-150,33,0,11.594,-154,34,0,11.673,20300,0
2021-04-09 14:57:36.981594,JA_EMS_Demonstrator_Thing,69,33,0,11.755,-150,33,0,11.594,-154,34,0,11.673,20350,0
2021-04-09 14:57:37.042742,JA_EMS_Demonstrator_Thing,69,33,0,11.755,-150,33,0,11.594,-154,34,0,11.673,20400,0
2021-04-09 14:57:37.100436,JA_EMS_Demonstrator_Thing,69,33,0,11.755,-150,33,0,11.594,-154,34,0,11.673,20450,0
2021-04-09 14:57:37.160965,JA_EMS_Demonstrator_Thing,69,33,0,11.755,-150,33,0,11.594,-154,34,0,11.673,20500,0
2021-04-09 14:57:37.220881,JA_EMS_Demonstrator_Thing,69,33,0,11.755,-150,33,0,11.594,-154,34,0,11.673,20550,0
2021-04-09 14:57:37.280584,JA_EMS_Demonstrator_Thing,69,33,0,11.755,-150,33,0,11.594,-154,34,0,11.673,20600,0
2021-04-09 14:57:37.341756,JA_EMS_Demonstrator_Thing,69,33,0,11.755,-150,33,0,11.594,-154,34,0,11.673,20650,0
2021-04-09 14:57:37.400335,JA_EMS_Demonstrator_Thing,69,33,0,11.756,-150,33,0,11.594,-154,34,0,11.673,20700,0
2021-04-09 14:57:37.465288,JA_EMS_Demonstrator_Thing,69,33,0,11.756,-150,33,0,11.594,-154,34,0,11.673,20750,0
2021-04-09 14:57:37.522953,JA_EMS_Demonstrator_Thing,69,33,0,11.756,-150,33,0,11.594,-154,34,0,11.673,20800,0
2021-04-09 14:57:37.581817,JA_EMS_Demonstrator_Thing,69,33,0,11.756,-150,33,0,11.594,-154,34,0,11.673,20850,0
2021-04-09 14:57:37.643297,JA_EMS_Demonstrator_Thing,69,33,0,11.756,-150,33,0,11.594,-154,34,0,11.673,20900,0
2021-04-09 14:57:37.701857,JA_EMS_Demonstrator_Thing,69,33,0,11.756,-150,33,0,11.594,-154,34,0,11.673,20950,0
2021-04-09 14:57:37.761919,JA_EMS_Demonstrator_Thing,69,33,0,11.756,-150,33,0,11.594,-154,34,0,11.673,21000,0
2021-04-09 14:57:37.821170,JA_EMS_Demonstrator_Thing,69,33,0,11.756,-150,33,0,11.594,-154,34,0,11.673,21050,0
2021-04-09 14:57:37.881729,JA_EMS_Demonstrator_Thing,69,33,0,11.756,-150,33,0,11.594,-154,34,0,11.673,21100,0
2021-04-09 14:57:37.942641,JA_EMS_Demonstrator_Thing,69,33,0,11.756,-150,33,0,11.594,-154,34,0,11.673,21150,0
2021-04-09 14:57:38.001980,JA_EMS_Demonstrator_Thing,69,33,0,11.756,-150,33,0,11.594,-154,34,0,11.673,21200,0
2021-04-09 14:57:38.061989,JA_EMS_Demonstrator_Thing,69,33,0,11.756,-150,33,0,11.594,-154,34,0,11.673,21250,0
2021-04-09 14:57:38.121927,JA_EMS_Demonstrator_Thing,69,33,0,11.756,-150,33,0,11.594,-154,34,0,11.673,21300,0
2021-04-09 14:57:38.180789,JA_EMS_Demonstrator_Thing,69,33,0,11.756,-150,33,0,11.594,-154,34,0,11.673,21350,0
2021-04-09 14:57:38.241562,JA_EMS_Demonstrator_Thing,69,33,0,11.756,-150,33,0,11.594,-154,34,0,11.673,21400,0
2021-04-09 14:57:38.300659,JA_EMS_Demonstrator_Thing,69,33,0,11.756,-150,33,0,11.594,-154,34,0,11.673,21450,0
2021-04-09 14:57:38.361032,JA_EMS_Demonstrator_Thing,69,33,0,11.756,-150,33,0,11.594,-154,34,0,11.673,21500,0
2021-04-09 14:57:38.420244,JA_EMS_Demonstrator_Thing,69,33,0,11.757,-150,33,0,11.594,-154,34,0,11.673,21550,0
2021-04-09 14:57:38.482259,JA_EMS_Demonstrator_Thing,69,33,0,11.758,-150,33,0,11.594,-154,34,0,11.673,21600,0
2021-04-09 14:57:38.542981,JA_EMS_Demonstrator_Thing,69,33,0,11.758,-150,33,0,11.594,-154,34,0,11.673,21650,0
2021-04-09 14:57:38.601564,JA_EMS_Demonstrator_Thing,69,33,0,11.758,-150,33,0,11.594,-154,34,0,11.673,21700,0
2021-04-09 14:57:38.660863,JA_EMS_Demonstrator_Thing,69,33,0,11.758,-150,33,0,11.594,-154,34,0,11.673,21750,0
2021-04-09 14:57:38.720304,JA_EMS_Demonstrator_Thing,69,33,0,11.758,-150,33,0,11.594,-154,34,0,11.673,21800,0
2021-04-09 14:57:38.782333,JA_EMS_Demonstrator_Thing,69,33,0,11.757,-150,33,0,11.594,-154,34,0,11.673,21850,0
2021-04-09 14:57:38.843176,JA_EMS_Demonstrator_Thing,69,33,0,11.756,-150,33,0,11.594,-154,34,0,11.673,21900,0
2021-04-09 14:57:38.900568,JA_EMS_Demonstrator_Thing,69,33,0,11.755,-150,33,0,11.594,-154,34,0,11.673,21950,0
2021-04-09 14:57:38.961153,JA_EMS_Demonstrator_Thing,69,33,0,11.754,-150,33,0,11.594,-154,34,0,11.673,22000,0
2021-04-09 14:57:39.020413,JA_EMS_Demonstrator_Thing,69,33,0,11.755,-150,33,0,11.594,-154,34,0,11.673,22050,0
2021-04-09 14:57:39.082377,JA_EMS_Demonstrator_Thing,69,33,0,11.755,-150,33,0,11.594,-154,34,0,11.673,22100,0
2021-04-09 14:57:39.143058,JA_EMS_Demonstrator_Thing,69,33,0,11.755,-150,33,0,11.594,-154,34,0,11.673,22150,0
2021-04-09 14:57:39.200383,JA_EMS_Demonstrator_Thing,69,33,0,11.755,-150,33,0,11.594,-154,34,0,11.673,22200,0
2021-04-09 14:57:39.261049,JA_EMS_Demonstrator_Thing,69,33,0,11.755,-150,33,0,11.594,-154,34,0,11.673,22250,0
2021-04-09 14:57:39.320192,JA_EMS_Demonstrator_Thing,69,33,0,11.755,-150,33,0,11.594,-154,34,0,11.673,22300,0
2021-04-09 14:57:39.382170,JA_EMS_Demonstrator_Thing,69,33,0,11.755,-150,33,0,11.594,-154,34,0,11.673,22350,0
2021-04-09 14:57:39.443106,JA_EMS_Demonstrator_Thing,69,33,0,11.754,-150,33,0,11.594,-154,34,0,11.673,22400,0
2021-04-09 14:57:39.500533,JA_EMS_Demonstrator_Thing,69,33,0,11.754,-150,33,0,11.594,-154,34,0,11.673,22450,0
2021-04-09 14:57:39.561201,JA_EMS_Demonstrator_Thing,69,33,0,11.755,-150,33,0,11.594,-154,34,0,11.673,22500,0
2021-04-09 14:57:39.620370,JA_EMS_Demonstrator_Thing,69,33,0,11.755,-150,33,0,11.594,-154,34,0,11.673,22550,0
2021-04-09 14:57:39.682325,JA_EMS_Demonstrator_Thing,69,33,0,11.755,-150,33,0,11.594,-154,34,0,11.673,22600,0
2021-04-09 14:57:39.743236,JA_EMS_Demonstrator_Thing,69,33,0,11.754,-150,33,0,11.594,-154,34,0,11.673,22650,0
2021-04-09 14:57:39.800410,JA_EMS_Demonstrator_Thing,69,33,0,11.754,-150,33,0,11.594,-154,34,0,11.673,22700,0
2021-04-09 14:57:39.860896,JA_EMS_Demonstrator_Thing,69,33,0,11.755,-150,33,0,11.594,-154,34,0,11.673,22750,0
2021-04-09 14:57:39.920959,JA_EMS_Demonstrator_Thing,69,33,0,11.755,-150,33,0,11.594,-154,34,0,11.673,22800,0
2021-04-09 14:57:39.982292,JA_EMS_Demonstrator_Thing,69,33,0,11.755,-150,33,0,11.594,-154,34,0,11.673,22850,0
2021-04-09 14:57:40.043145,JA_EMS_Demonstrator_Thing,69,33,0,11.755,-150,33,0,11.594,-154,34,0,11.673,22900,0
2021-04-09 14:57:40.100556,JA_EMS_Demonstrator_Thing,69,33,0,11.755,-150,33,0,11.594,-154,34,0,11.673,22950,0
2021-04-09 14:57:40.161013,JA_EMS_Demonstrator_Thing,69,33,0,11.756,-150,33,0,11.594,-154,34,0,11.673,23000,0
2021-04-09 14:57:40.220371,JA_EMS_Demonstrator_Thing,69,33,0,11.756,-150,33,0,11.594,-154,34,0,11.673,23050,0
2021-04-09 14:57:40.282324,JA_EMS_Demonstrator_Thing,69,33,0,11.755,-150,33,0,11.594,-154,34,0,11.673,23100,0
2021-04-09 14:57:40.343193,JA_EMS_Demonstrator_Thing,69,33,0,11.755,-150,33,0,11.594,-154,34,0,11.673,23150,0
2021-04-09 14:57:40.400401,JA_EMS_Demonstrator_Thing,69,33,0,11.755,-150,33,0,11.594,-154,34,0,11.673,23200,0
2021-04-09 14:57:40.460895,JA_EMS_Demonstrator_Thing,69,33,0,11.755,-150,33,0,11.594,-154,34,0,11.673,23250,0
2021-04-09 14:57:40.520281,JA_EMS_Demonstrator_Thing,69,33,0,11.755,-150,33,0,11.594,-154,34,0,11.673,23300,0
2021-04-09 14:57:40.582233,JA_EMS_Demonstrator_Thing,69,33,0,11.755,-150,33,0,11.594,-154,34,0,11.673,23350,0
2021-04-09 14:57:40.642884,JA_EMS_Demonstrator_Thing,69,33,0,11.755,-150,33,0,11.593,-154,34,0,11.673,23400,0
2021-04-09 14:57:40.700518,JA_EMS_Demonstrator_Thing,69,33,0,11.753,-150,33,0,11.593,-154,34,0,11.673,23450,0
2021-04-09 14:57:40.761123,JA_EMS_Demonstrator_Thing,69,33,0,11.753,-150,33,0,11.593,-154,34,0,11.672,23500,0
2021-04-09 14:57:40.821036,JA_EMS_Demonstrator_Thing,69,33,0,11.753,-150,33,0,11.593,-154,34,0,11.672,23550,0
2021-04-09 14:57:40.881152,JA_EMS_Demonstrator_Thing,69,33,0,11.752,-150,33,0,11.592,-154,34,0,11.672,23600,0
2021-04-09 14:57:40.941774,JA_EMS_Demonstrator_Thing,69,33,0,11.752,-150,33,0,11.592,-154,34,0,11.672,23650,0
2021-04-09 14:57:41.000490,JA_EMS_Demonstrator_Thing,69,33,0,11.749,-150,33,0,11.591,-154,34,0,11.669,23700,0
2021-04-09 14:57:41.061049,JA_EMS_Demonstrator_Thing,69,33,0,11.748,-150,33,0,11.589,-154,34,0,11.668,23750,0
2021-04-09 14:57:41.120311,JA_EMS_Demonstrator_Thing,69,33,0,11.748,-150,33,0,11.589,-154,34,0,11.668,23800,0
2021-04-09 14:57:41.182421,JA_EMS_Demonstrator_Thing,69,33,0,11.748,-150,33,0,11.588,-154,34,0,11.668,23850,0
2021-04-09 14:57:41.243306,JA_EMS_Demonstrator_Thing,69,33,0,11.748,-150,33,0,11.588,-154,34,0,11.668,23900,0
2021-04-09 14:57:41.300682,JA_EMS_Demonstrator_Thing,69,33,0,11.748,-150,33,0,11.587,-154,34,0,11.668,23950,0
2021-04-09 14:57:41.361614,JA_EMS_Demonstrator_Thing,69,33,0,11.747,-150,33,0,11.587,-154,34,0,11.668,24000,0
2021-04-09 14:57:41.422181,JA_EMS_Demonstrator_Thing,69,33,0,11.746,-150,33,0,11.586,-154,34,0,11.668,24050,0
2021-04-09 14:57:41.483108,JA_EMS_Demonstrator_Thing,69,33,0,11.745,-150,33,0,11.586,-154,34,0,11.668,24100,0
2021-04-09 14:57:41.543570,JA_EMS_Demonstrator_Thing,69,33,0,11.745,-150,33,0,11.585,-154,34,0,11.668,24150,0
2021-04-09 14:57:41.601165,JA_EMS_Demonstrator_Thing,69,33,0,11.745,-150,33,0,11.585,-154,34,0,11.668,24200,0
2021-04-09 14:57:41.660818,JA_EMS_Demonstrator_Thing,69,33,0,11.745,-150,33,0,11.585,-154,34,0,11.667,24250,0
2021-04-09 14:57:41.721208,JA_EMS_Demonstrator_Thing,69,33,0,11.745,-150,33,0,11.585,-154,34,0,11.665,24300,0
2021-04-09 14:57:41.782507,JA_EMS_Demonstrator_Thing,69,33,0,11.744,-150,33,0,11.585,-154,34,0,11.665,24350,0
2021-04-09 14:57:41.843375,JA_EMS_Demonstrator_Thing,69,33,0,11.744,-150,33,0,11.585,-154,34,0,11.665,24400,0
2021-04-09 14:57:41.900888,JA_EMS_Demonstrator_Thing,69,33,0,11.744,-150,33,0,11.585,-154,34,0,11.665,24450,0
2021-04-09 14:57:41.961424,JA_EMS_Demonstrator_Thing,69,33,0,11.744,-150,33,0,11.585,-154,34,0,11.665,24500,0
2021-04-09 14:57:42.020666,JA_EMS_Demonstrator_Thing,69,33,0,11.744,-150,33,0,11.585,-154,34,0,11.665,24550,0
2021-04-09 14:57:42.082056,JA_EMS_Demonstrator_Thing,69,33,0,11.743,-150,33,0,11.585,-154,34,0,11.665,24600,0
2021-04-09 14:57:42.141984,JA_EMS_Demonstrator_Thing,69,33,0,11.743,-150,33,0,11.585,-154,34,0,11.665,24650,0
2021-04-09 14:57:42.200750,JA_EMS_Demonstrator_Thing,69,33,0,11.742,-150,33,0,11.585,-154,34,0,11.665,24700,0
2021-04-09 14:57:42.261906,JA_EMS_Demonstrator_Thing,69,33,0,11.741,-150,33,0,11.585,-154,34,0,11.665,24750,0
2021-04-09 14:57:42.321114,JA_EMS_Demonstrator_Thing,69,33,0,11.741,-150,33,0,11.585,-154,34,0,11.665,24800,0
2021-04-09 14:57:42.381603,JA_EMS_Demonstrator_Thing,69,33,0,11.741,-150,33,0,11.585,-154,34,0,11.665,24850,0
2021-04-09 14:57:42.443390,JA_EMS_Demonstrator_Thing,69,33,0,11.741,-150,33,0,11.584,-154,34,0,11.665,24900,0
2021-04-09 14:57:42.501158,JA_EMS_Demonstrator_Thing,69,33,0,11.74,-150,33,0,11.583,-154,34,0,11.665,24950,0
2021-04-09 14:57:42.562484,JA_EMS_Demonstrator_Thing,69,33,0,11.74,-150,33,0,11.583,-154,34,0,11.664,25000,0
2021-04-09 14:57:42.620485,JA_EMS_Demonstrator_Thing,69,33,0,11.74,-150,33,0,11.583,-154,34,0,11.664,25050,0
2021-04-09 14:57:42.681448,JA_EMS_Demonstrator_Thing,69,33,0,11.739,-150,33,0,11.582,-154,34,0,11.664,25100,0
2021-04-09 14:57:42.744017,JA_EMS_Demonstrator_Thing,69,33,0,11.739,-150,33,0,11.582,-154,34,0,11.663,25150,0
2021-04-09 14:57:42.803140,JA_EMS_Demonstrator_Thing,69,33,0,11.739,-150,33,0,11.582,-154,34,0,11.663,25200,0
2021-04-09 14:57:42.862404,JA_EMS_Demonstrator_Thing,69,33,0,11.738,-150,33,0,11.582,-154,34,0,11.663,25250,0
2021-04-09 14:57:42.920584,JA_EMS_Demonstrator_Thing,69,33,0,11.738,-150,33,0,11.582,-154,34,0,11.663,25300,0
2021-04-09 14:57:42.981038,JA_EMS_Demonstrator_Thing,69,33,0,11.738,-150,33,0,11.582,-154,34,0,11.663,25350,0
2021-04-09 14:57:43.041497,JA_EMS_Demonstrator_Thing,69,33,0,11.738,-150,33,0,11.582,-154,34,0,11.663,25400,0
2021-04-09 14:57:43.102301,JA_EMS_Demonstrator_Thing,69,33,0,11.738,-150,33,0,11.582,-154,34,0,11.663,25450,0
2021-04-09 14:57:43.162743,JA_EMS_Demonstrator_Thing,69,33,0,11.739,-150,33,0,11.582,-154,34,0,11.663,25500,0
2021-04-09 14:57:43.220599,JA_EMS_Demonstrator_Thing,69,33,0,11.739,-150,33,0,11.582,-154,34,0,11.663,25550,0
2021-04-09 14:57:43.281157,JA_EMS_Demonstrator_Thing,69,33,0,11.739,-150,33,0,11.582,-154,34,0,11.663,25600,0
2021-04-09 14:57:43.341574,JA_EMS_Demonstrator_Thing,69,33,0,11.739,-150,33,0,11.582,-154,34,0,11.662,25650,0
2021-04-09 14:57:43.402645,JA_EMS_Demonstrator_Thing,69,33,0,11.739,-150,33,0,11.582,-154,34,0,11.662,25700,0
2021-04-09 14:57:43.463086,JA_EMS_Demonstrator_Thing,69,33,0,11.739,-150,33,0,11.582,-154,34,0,11.662,25750,0
2021-04-09 14:57:43.520642,JA_EMS_Demonstrator_Thing,69,33,0,11.74,-150,33,0,11.582,-154,34,0,11.662,25800,0
2021-04-09 14:57:43.581294,JA_EMS_Demonstrator_Thing,69,33,0,11.74,-150,33,0,11.582,-154,34,0,11.662,25850,0
2021-04-09 14:57:43.641797,JA_EMS_Demonstrator_Thing,69,33,0,11.74,-150,33,0,11.582,-154,34,0,11.662,25900,0
2021-04-09 14:57:43.702846,JA_EMS_Demonstrator_Thing,69,33,0,11.739,-150,33,0,11.582,-154,34,0,11.662,25950,0
2021-04-09 14:57:43.763442,JA_EMS_Demonstrator_Thing,69,33,0,11.74,-150,33,0,11.582,-154,34,0,11.662,26000,0
2021-04-09 14:57:43.820804,JA_EMS_Demonstrator_Thing,69,33,0,11.74,-150,33,0,11.582,-154,34,0,11.662,26050,0
2021-04-09 14:57:43.881412,JA_EMS_Demonstrator_Thing,69,33,0,11.74,-150,33,0,11.582,-154,34,0,11.662,26100,0
2021-04-09 14:57:43.942032,JA_EMS_Demonstrator_Thing,69,33,0,11.741,-150,33,0,11.582,-154,34,0,11.662,26150,0
2021-04-09 14:57:44.002607,JA_EMS_Demonstrator_Thing,69,33,0,11.741,-150,33,0,11.582,-154,34,0,11.662,26200,0
2021-04-09 14:57:44.063291,JA_EMS_Demonstrator_Thing,69,33,0,11.741,-150,33,0,11.582,-154,34,0,11.662,26250,0
2021-04-09 14:57:44.120812,JA_EMS_Demonstrator_Thing,69,33,0,11.741,-150,33,0,11.582,-154,34,0,11.662,26300,0
2021-04-09 14:57:44.181272,JA_EMS_Demonstrator_Thing,69,33,0,11.741,-150,33,0,11.582,-154,34,0,11.662,26350,0
2021-04-09 14:57:44.241852,JA_EMS_Demonstrator_Thing,69,33,0,11.742,-150,33,0,11.582,-154,34,0,11.662,26400,0
2021-04-09 14:57:44.302582,JA_EMS_Demonstrator_Thing,69,33,0,11.741,-150,33,0,11.582,-154,34,0,11.662,26450,0
2021-04-09 14:57:44.363371,JA_EMS_Demonstrator_Thing,69,33,0,11.741,-150,33,0,11.582,-154,34,0,11.662,26500,0
2021-04-09 14:57:44.420803,JA_EMS_Demonstrator_Thing,69,33,0,11.74,-150,33,0,11.582,-154,34,0,11.662,26550,0
2021-04-09 14:57:44.481293,JA_EMS_Demonstrator_Thing,69,33,0,11.741,-150,33,0,11.582,-154,34,0,11.662,26600,0
2021-04-09 14:57:44.541824,JA_EMS_Demonstrator_Thing,69,33,0,11.74,-150,33,0,11.582,-154,34,0,11.662,26650,0
2021-04-09 14:57:44.602259,JA_EMS_Demonstrator_Thing,69,33,0,11.74,-150,33,0,11.582,-154,34,0,11.662,26700,0
2021-04-09 14:57:44.662953,JA_EMS_Demonstrator_Thing,69,33,0,11.74,-150,33,0,11.582,-154,34,0,11.662,26750,0
2021-04-09 14:57:44.720712,JA_EMS_Demonstrator_Thing,69,33,0,11.74,-150,33,0,11.582,-154,34,0,11.662,26800,0
2021-04-09 14:57:44.781261,JA_EMS_Demonstrator_Thing,69,33,0,11.741,-150,33,0,11.582,-154,34,0,11.662,26850,0
2021-04-09 14:57:44.841780,JA_EMS_Demonstrator_Thing,69,33,0,11.741,-150,33,0,11.582,-154,34,0,11.662,26900,0
2021-04-09 14:57:44.904908,JA_EMS_Demonstrator_Thing,69,33,0,11.741,-150,33,0,11.582,-154,34,0,11.662,26950,0
2021-04-09 14:57:44.962174,JA_EMS_Demonstrator_Thing,69,33,0,11.741,-150,33,0,11.582,-154,34,0,11.662,27000,0
2021-04-09 14:57:45.021070,JA_EMS_Demonstrator_Thing,69,33,0,11.741,-150,33,0,11.582,-154,34,0,11.662,27050,0
2021-04-09 14:57:45.081396,JA_EMS_Demonstrator_Thing,69,33,0,11.742,-150,33,0,11.582,-154,34,0,11.662,27100,0
2021-04-09 14:57:45.142051,JA_EMS_Demonstrator_Thing,69,33,0,11.742,-150,33,0,11.582,-154,34,0,11.662,27150,0
2021-04-09 14:57:45.201105,JA_EMS_Demonstrator_Thing,69,33,0,11.742,-150,33,0,11.582,-154,34,0,11.662,27200,0
2021-04-09 14:57:45.261374,JA_EMS_Demonstrator_Thing,69,33,0,11.743,-150,33,0,11.582,-154,34,0,11.662,27250,0
2021-04-09 14:57:45.320851,JA_EMS_Demonstrator_Thing,69,33,0,11.742,-150,33,0,11.582,-154,34,0,11.662,27300,0
2021-04-09 14:57:45.381220,JA_EMS_Demonstrator_Thing,69,33,0,11.742,-150,33,0,11.582,-154,34,0,11.662,27350,0
2021-04-09 14:57:45.441722,JA_EMS_Demonstrator_Thing,69,33,0,11.742,-150,33,0,11.582,-154,34,0,11.662,27400,0
2021-04-09 14:57:45.501157,JA_EMS_Demonstrator_Thing,69,33,0,11.742,-150,33,0,11.582,-154,34,0,11.662,27450,0
2021-04-09 14:57:45.561601,JA_EMS_Demonstrator_Thing,69,33,0,11.742,-150,33,0,11.582,-154,34,0,11.662,27500,0
2021-04-09 14:57:45.622584,JA_EMS_Demonstrator_Thing,69,33,0,11.742,-150,33,0,11.582,-154,34,0,11.662,27550,0
2021-04-09 14:57:45.683084,JA_EMS_Demonstrator_Thing,69,33,0,11.742,-150,33,0,11.582,-154,34,0,11.662,27600,0
2021-04-09 14:57:45.741991,JA_EMS_Demonstrator_Thing,69,33,0,11.742,-150,33,0,11.582,-154,34,0,11.662,27650,0
2021-04-09 14:57:45.800980,JA_EMS_Demonstrator_Thing,69,33,0,11.742,-150,33,0,11.582,-154,34,0,11.662,27700,0
2021-04-09 14:57:45.861479,JA_EMS_Demonstrator_Thing,69,33,0,11.742,-150,33,0,11.582,-154,34,0,11.662,27750,0
2021-04-09 14:57:45.922580,JA_EMS_Demonstrator_Thing,69,33,0,11.742,-150,33,0,11.582,-154,34,0,11.662,27800,0
2021-04-09 14:57:45.983120,JA_EMS_Demonstrator_Thing,69,33,0,11.742,-150,33,0,11.582,-154,34,0,11.662,27850,0
2021-04-09 14:57:46.041754,JA_EMS_Demonstrator_Thing,69,33,0,11.742,-150,33,0,11.582,-154,34,0,11.662,27900,0
2021-04-09 14:57:46.101163,JA_EMS_Demonstrator_Thing,69,33,0,11.742,-150,33,0,11.582,-154,34,0,11.662,27950,0
2021-04-09 14:57:46.161595,JA_EMS_Demonstrator_Thing,69,33,0,11.742,-150,33,0,11.582,-154,34,0,11.662,28000,0
2021-04-09 14:57:46.222553,JA_EMS_Demonstrator_Thing,69,33,0,11.741,-150,33,0,11.582,-154,34,0,11.662,28050,0
2021-04-09 14:57:46.283078,JA_EMS_Demonstrator_Thing,69,33,0,11.741,-150,33,0,11.582,-154,34,0,11.662,28100,0
2021-04-09 14:57:46.344443,JA_EMS_Demonstrator_Thing,69,33,0,11.741,-150,33,0,11.582,-154,34,0,11.662,28150,0
2021-04-09 14:57:46.400944,JA_EMS_Demonstrator_Thing,69,33,0,11.741,-150,33,0,11.582,-154,34,0,11.662,28200,0
2021-04-09 14:57:46.461227,JA_EMS_Demonstrator_Thing,69,33,0,11.74,-150,33,0,11.582,-154,34,0,11.662,28250,0
2021-04-09 14:57:46.522125,JA_EMS_Demonstrator_Thing,69,33,0,11.74,-150,33,0,11.582,-154,34,0,11.662,28300,0
2021-04-09 14:57:46.582890,JA_EMS_Demonstrator_Thing,69,33,0,11.741,-150,33,0,11.582,-154,34,0,11.662,28350,0
2021-04-09 14:57:46.641739,JA_EMS_Demonstrator_Thing,69,33,0,11.741,-150,33,0,11.582,-154,34,0,11.662,28400,0
2021-04-09 14:57:46.700728,JA_EMS_Demonstrator_Thing,69,33,0,11.74,-150,33,0,11.582,-154,34,0,11.662,28450,0
2021-04-09 14:57:46.761397,JA_EMS_Demonstrator_Thing,69,33,0,11.739,-150,33,0,11.582,-154,34,0,11.662,28500,0
2021-04-09 14:57:46.823233,JA_EMS_Demonstrator_Thing,69,33,0,11.739,-150,33,0,11.582,-154,34,0,11.662,28550,0
2021-04-09 14:57:46.883677,JA_EMS_Demonstrator_Thing,69,33,0,11.739,-150,33,0,11.582,-154,34,0,11.662,28600,0
2021-04-09 14:57:46.941769,JA_EMS_Demonstrator_Thing,69,33,0,11.739,-150,33,0,11.582,-154,34,0,11.662,28650,0
2021-04-09 14:57:47.001456,JA_EMS_Demonstrator_Thing,69,33,0,11.739,-150,33,0,11.582,-154,34,0,11.662,28700,0
2021-04-09 14:57:47.060881,JA_EMS_Demonstrator_Thing,69,33,0,11.739,-150,33,0,11.582,-154,34,0,11.662,28750,0
2021-04-09 14:57:47.120174,JA_EMS_Demonstrator_Thing,69,33,0,11.739,-150,33,0,11.582,-154,34,0,11.662,28800,0
2021-04-09 14:57:47.180567,JA_EMS_Demonstrator_Thing,69,33,0,11.739,-150,33,0,11.582,-154,34,0,11.662,28850,0
2021-04-09 14:57:47.241194,JA_EMS_Demonstrator_Thing,69,33,0,11.74,-150,33,0,11.582,-154,34,0,11.662,28900,0
2021-04-09 14:57:47.301786,JA_EMS_Demonstrator_Thing,69,33,0,11.74,-150,33,0,11.582,-154,34,0,11.662,28950,0
2021-04-09 14:57:47.360749,JA_EMS_Demonstrator_Thing,69,33,0,11.74,-150,33,0,11.582,-154,34,0,11.662,29000,0
2021-04-09 14:57:47.419988,JA_EMS_Demonstrator_Thing,69,33,0,11.74,-150,33,0,11.582,-154,34,0,11.662,29050,0
2021-04-09 14:57:47.480672,JA_EMS_Demonstrator_Thing,69,33,0,11.739,-150,33,0,11.582,-154,34,0,11.662,29100,0
2021-04-09 14:57:47.542566,JA_EMS_Demonstrator_Thing,69,33,0,11.739,-150,33,0,11.582,-154,34,0,11.662,29150,0
2021-04-09 14:57:47.601926,JA_EMS_Demonstrator_Thing,69,33,0,11.739,-150,33,0,11.582,-154,34,0,11.662,29200,0
2021-04-09 14:57:47.660945,JA_EMS_Demonstrator_Thing,69,33,0,11.739,-150,33,0,11.582,-154,34,0,11.662,29250,0
2021-04-09 14:57:47.720308,JA_EMS_Demonstrator_Thing,69,33,0,11.739,-150,33,0,11.582,-154,34,0,11.662,29300,0
2021-04-09 14:57:47.780572,JA_EMS_Demonstrator_Thing,69,33,0,11.74,-150,33,0,11.582,-154,34,0,11.662,29350,0
2021-04-09 14:57:47.841212,JA_EMS_Demonstrator_Thing,69,33,0,11.74,-150,33,0,11.582,-154,34,0,11.662,29400,0
2021-04-09 14:57:47.901808,JA_EMS_Demonstrator_Thing,69,33,0,11.74,-150,33,0,11.582,-154,34,0,11.662,29450,0
2021-04-09 14:57:47.960824,JA_EMS_Demonstrator_Thing,69,33,0,11.74,-150,33,0,11.582,-154,34,0,11.662,29500,0
2021-04-09 14:57:48.020130,JA_EMS_Demonstrator_Thing,69,33,0,11.74,-150,33,0,11.582,-154,34,0,11.662,29550,0
2021-04-09 14:57:48.080510,JA_EMS_Demonstrator_Thing,69,33,0,11.74,-150,33,0,11.582,-154,34,0,11.662,29600,0
2021-04-09 14:57:48.142450,JA_EMS_Demonstrator_Thing,69,33,0,11.74,-150,33,0,11.582,-154,34,0,11.662,29650,0
2021-04-09 14:57:48.201812,JA_EMS_Demonstrator_Thing,69,33,0,11.74,-150,33,0,11.582,-154,34,0,11.662,29700,0
2021-04-09 14:57:48.262792,JA_EMS_Demonstrator_Thing,69,33,0,11.739,-150,33,0,11.582,-154,34,0,11.662,29750,0
2021-04-09 14:57:48.320397,JA_EMS_Demonstrator_Thing,69,33,0,11.738,-150,33,0,11.582,-154,34,0,11.662,29800,0
2021-04-09 14:57:48.382607,JA_EMS_Demonstrator_Thing,69,33,0,11.737,-150,33,0,11.582,-154,34,0,11.662,29850,0
2021-04-09 14:57:48.444300,JA_EMS_Demonstrator_Thing,69,33,0,11.738,-150,33,0,11.582,-154,34,0,11.662,29900,0
2021-04-09 14:57:48.503578,JA_EMS_Demonstrator_Thing,69,33,0,11.738,-150,33,0,11.582,-154,34,0,11.662,29950,0
2021-04-09 14:57:48.560536,JA_EMS_Demonstrator_Thing,69,33,0,11.739,-150,33,0,11.582,-154,34,0,11.662,30000,0
2021-04-09 14:57:48.619757,JA_EMS_Demonstrator_Thing,69,33,0,11.739,-150,33,0,11.582,-154,34,0,11.662,30050,0
2021-04-09 14:57:48.681669,JA_EMS_Demonstrator_Thing,69,33,0,11.739,-150,33,0,11.582,-154,34,0,11.662,30100,0
2021-04-09 14:57:48.745435,JA_EMS_Demonstrator_Thing,69,33,0,11.739,-150,33,0,11.582,-154,34,0,11.662,30150,0
2021-04-09 14:57:48.803547,JA_EMS_Demonstrator_Thing,69,33,0,11.739,-150,33,0,11.582,-154,34,0,11.662,30200,0
2021-04-09 14:57:48.861886,JA_EMS_Demonstrator_Thing,69,33,0,11.739,-150,33,0,11.582,-154,34,0,11.662,30250,0
2021-04-09 14:57:48.921107,JA_EMS_Demonstrator_Thing,69,33,0,11.739,-150,33,0,11.582,-154,34,0,11.662,30300,0
2021-04-09 14:57:48.981564,JA_EMS_Demonstrator_Thing,69,33,0,11.739,-150,33,0,11.582,-154,34,0,11.662,30350,0
2021-04-09 14:57:49.043889,JA_EMS_Demonstrator_Thing,69,33,0,11.74,-150,33,0,11.582,-154,34,0,11.662,30400,0
2021-04-09 14:57:49.103357,JA_EMS_Demonstrator_Thing,69,33,0,11.74,-150,33,0,11.582,-154,34,0,11.662,30450,0
2021-04-09 14:57:49.161725,JA_EMS_Demonstrator_Thing,69,33,0,11.74,-150,33,0,11.582,-154,34,0,11.662,30500,0
2021-04-09 14:57:49.221090,JA_EMS_Demonstrator_Thing,69,33,0,11.741,-150,33,0,11.582,-154,34,0,11.662,30550,0
2021-04-09 14:57:49.281584,JA_EMS_Demonstrator_Thing,69,33,0,11.741,-150,33,0,11.582,-154,34,0,11.662,30600,0
2021-04-09 14:57:49.343091,JA_EMS_Demonstrator_Thing,69,33,0,11.741,-150,33,0,11.582,-154,34,0,11.662,30650,0
2021-04-09 14:57:49.403462,JA_EMS_Demonstrator_Thing,69,33,0,11.74,-150,33,0,11.582,-154,34,0,11.662,30700,0
2021-04-09 14:57:49.461870,JA_EMS_Demonstrator_Thing,69,33,0,11.741,-150,33,0,11.582,-154,34,0,11.662,30750,0
2021-04-09 14:57:49.521173,JA_EMS_Demonstrator_Thing,69,33,0,11.741,-150,33,0,11.582,-154,34,0,11.662,30800,0
2021-04-09 14:57:49.581655,JA_EMS_Demonstrator_Thing,69,33,0,11.741,-150,33,0,11.582,-154,34,0,11.662,30850,0
2021-04-09 14:57:49.643122,JA_EMS_Demonstrator_Thing,69,33,0,11.741,-150,33,0,11.582,-154,34,0,11.662,30900,0
2021-04-09 14:57:49.703398,JA_EMS_Demonstrator_Thing,69,33,0,11.74,-150,33,0,11.582,-154,34,0,11.662,30950,0
2021-04-09 14:57:49.759476,JA_EMS_Demonstrator_Thing,69,33,0,11.739,-150,33,0,11.582,-154,34,0,11.662,31000,0
2021-04-09 14:57:49.818796,JA_EMS_Demonstrator_Thing,69,33,0,11.74,-150,33,0,11.582,-154,34,0,11.662,31050,0
2021-04-09 14:57:49.881627,JA_EMS_Demonstrator_Thing,69,33,0,11.74,-150,33,0,11.582,-154,34,0,11.662,31100,0
2021-04-09 14:57:49.943769,JA_EMS_Demonstrator_Thing,69,33,0,11.74,-150,33,0,11.582,-154,34,0,11.662,31150,0
2021-04-09 14:57:50.003590,JA_EMS_Demonstrator_Thing,69,33,0,11.741,-150,33,0,11.582,-154,34,0,11.662,31200,0
2021-04-09 14:57:50.061879,JA_EMS_Demonstrator_Thing,69,33,0,11.741,-150,33,0,11.582,-154,34,0,11.662,31250,0
2021-04-09 14:57:50.121106,JA_EMS_Demonstrator_Thing,69,33,0,11.741,-150,33,0,11.582,-154,34,0,11.662,31300,0
2021-04-09 14:57:50.181475,JA_EMS_Demonstrator_Thing,69,33,0,11.74,-150,33,0,11.582,-154,34,0,11.662,31350,0
2021-04-09 14:57:50.243788,JA_EMS_Demonstrator_Thing,69,33,0,11.74,-150,33,0,11.582,-154,34,0,11.662,31400,0
2021-04-09 14:57:50.303423,JA_EMS_Demonstrator_Thing,69,33,0,11.74,-150,33,0,11.582,-154,34,0,11.662,31450,0
2021-04-09 14:57:50.360584,JA_EMS_Demonstrator_Thing,69,33,0,11.741,-150,33,0,11.582,-154,34,0,11.662,31500,0
2021-04-09 14:57:50.420035,JA_EMS_Demonstrator_Thing,69,33,0,11.741,-150,33,0,11.582,-154,34,0,11.662,31550,0
2021-04-09 14:57:50.481935,JA_EMS_Demonstrator_Thing,69,33,0,11.741,-150,33,0,11.582,-154,34,0,11.662,31600,0
2021-04-09 14:57:50.543279,JA_EMS_Demonstrator_Thing,69,33,0,11.74,-150,33,0,11.582,-154,34,0,11.662,31650,0
2021-04-09 14:57:50.605092,JA_EMS_Demonstrator_Thing,69,33,0,11.74,-150,33,0,11.582,-154,34,0,11.662,31700,0
2021-04-09 14:57:50.660769,JA_EMS_Demonstrator_Thing,69,33,0,11.74,-150,33,0,11.582,-154,34,0,11.662,31750,0
2021-04-09 14:57:50.720028,JA_EMS_Demonstrator_Thing,69,33,0,11.74,-150,33,0,11.582,-154,34,0,11.662,31800,0
2021-04-09 14:57:50.782159,JA_EMS_Demonstrator_Thing,69,33,0,11.74,-150,33,0,11.582,-154,34,0,11.662,31850,0
2021-04-09 14:57:50.841315,JA_EMS_Demonstrator_Thing,69,33,0,11.739,-150,33,0,11.582,-154,34,0,11.662,31900,0
2021-04-09 14:57:50.902001,JA_EMS_Demonstrator_Thing,69,33,0,11.739,-150,33,0,11.582,-154,34,0,11.662,31950,0
2021-04-09 14:57:50.962401,JA_EMS_Demonstrator_Thing,69,33,0,11.739,-150,33,0,11.582,-154,34,0,11.662,32000,0
2021-04-09 14:57:51.021408,JA_EMS_Demonstrator_Thing,69,33,0,11.739,-150,33,0,11.582,-154,34,0,11.662,32050,0
2021-04-09 14:57:51.081984,JA_EMS_Demonstrator_Thing,69,33,0,11.739,-150,33,0,11.582,-154,34,0,11.662,32100,0
2021-04-09 14:57:51.142546,JA_EMS_Demonstrator_Thing,69,33,0,11.739,-150,33,0,11.582,-154,34,0,11.662,32150,0
2021-04-09 14:57:51.202324,JA_EMS_Demonstrator_Thing,69,33,0,11.739,-150,33,0,11.582,-154,34,0,11.662,32200,0
2021-04-09 14:57:51.262816,JA_EMS_Demonstrator_Thing,69,33,0,11.739,-150,33,0,11.582,-154,34,0,11.662,32250,0
2021-04-09 14:57:51.321494,JA_EMS_Demonstrator_Thing,69,33,0,11.739,-150,33,0,11.582,-154,34,0,11.662,32300,0
2021-04-09 14:57:51.382339,JA_EMS_Demonstrator_Thing,69,33,0,11.739,-150,33,0,11.582,-154,34,0,11.662,32350,0
2021-04-09 14:57:51.441861,JA_EMS_Demonstrator_Thing,69,33,0,11.739,-150,33,0,11.582,-154,34,0,11.662,32400,0
2021-04-09 14:57:51.500630,JA_EMS_Demonstrator_Thing,69,33,0,11.739,-150,33,0,11.582,-154,34,0,11.662,32450,0
2021-04-09 14:57:51.562561,JA_EMS_Demonstrator_Thing,69,33,0,11.739,-150,33,0,11.582,-154,34,0,11.662,32500,0
2021-04-09 14:57:51.621271,JA_EMS_Demonstrator_Thing,69,33,0,11.739,-150,33,0,11.582,-154,34,0,11.662,32550,0
2021-04-09 14:57:51.681779,JA_EMS_Demonstrator_Thing,69,33,0,11.739,-150,33,0,11.582,-154,34,0,11.662,32600,0
2021-04-09 14:57:51.741190,JA_EMS_Demonstrator_Thing,69,33,0,11.74,-150,33,0,11.582,-154,34,0,11.662,32650,0
2021-04-09 14:57:51.802117,JA_EMS_Demonstrator_Thing,69,33,0,11.74,-150,33,0,11.582,-154,34,0,11.662,32700,0
2021-04-09 14:57:51.864664,JA_EMS_Demonstrator_Thing,69,33,0,11.741,-150,33,0,11.582,-154,34,0,11.662,32750,0
2021-04-09 14:57:51.923103,JA_EMS_Demonstrator_Thing,69,33,0,11.741,-150,33,0,11.582,-154,34,0,11.662,32800,0
2021-04-09 14:57:51.980288,JA_EMS_Demonstrator_Thing,69,33,0,11.74,-150,33,0,11.582,-154,34,0,11.662,32850,0
2021-04-09 14:57:52.039632,JA_EMS_Demonstrator_Thing,69,33,0,11.74,-150,33,0,11.582,-154,34,0,11.662,32900,0
2021-04-09 14:57:52.101761,JA_EMS_Demonstrator_Thing,69,33,0,11.739,-150,33,0,11.582,-154,34,0,11.662,32950,0
2021-04-09 14:57:52.163875,JA_EMS_Demonstrator_Thing,69,33,0,11.739,-150,33,0,11.582,-154,34,0,11.662,33000,0
2021-04-09 14:57:52.222703,JA_EMS_Demonstrator_Thing,69,33,0,11.739,-150,33,0,11.582,-154,34,0,11.662,33050,0
2021-04-09 14:57:52.280114,JA_EMS_Demonstrator_Thing,69,33,0,11.739,-150,33,0,11.582,-154,34,0,11.662,33100,0
2021-04-09 14:57:52.340992,JA_EMS_Demonstrator_Thing,69,33,0,11.739,-150,33,0,11.582,-154,34,0,11.662,33150,0
2021-04-09 14:57:52.402042,JA_EMS_Demonstrator_Thing,69,33,0,11.739,-150,33,0,11.582,-154,34,0,11.662,33200,0
2021-04-09 14:57:52.462652,JA_EMS_Demonstrator_Thing,69,33,0,11.739,-150,33,0,11.582,-154,34,0,11.662,33250,0
2021-04-09 14:57:52.521361,JA_EMS_Demonstrator_Thing,69,33,0,11.739,-150,33,0,11.582,-154,34,0,11.662,33300,0
2021-04-09 14:57:52.580593,JA_EMS_Demonstrator_Thing,69,33,0,11.739,-150,33,0,11.582,-154,34,0,11.662,33350,0
2021-04-09 14:57:52.639760,JA_EMS_Demonstrator_Thing,69,33,0,11.739,-150,33,0,11.582,-154,34,0,11.662,33400,0
2021-04-09 14:57:52.700340,JA_EMS_Demonstrator_Thing,69,33,0,11.738,-150,33,0,11.582,-154,34,0,11.662,33450,0
2021-04-09 14:57:52.761354,JA_EMS_Demonstrator_Thing,69,33,0,11.738,-150,33,0,11.582,-154,34,0,11.662,33500,0
2021-04-09 14:57:52.821444,JA_EMS_Demonstrator_Thing,69,33,0,11.738,-150,33,0,11.582,-154,34,0,11.662,33550,0
2021-04-09 14:57:52.882095,JA_EMS_Demonstrator_Thing,69,33,0,11.738,-150,33,0,11.582,-154,34,0,11.662,33600,0
2021-04-09 14:57:52.942466,JA_EMS_Demonstrator_Thing,69,33,0,11.737,-150,33,0,11.582,-154,34,0,11.662,33650,0
2021-04-09 14:57:53.000297,JA_EMS_Demonstrator_Thing,69,33,0,11.737,-150,33,0,11.582,-154,34,0,11.662,33700,0
2021-04-09 14:57:53.061697,JA_EMS_Demonstrator_Thing,69,33,0,11.737,-150,33,0,11.582,-154,34,0,11.662,33750,0
2021-04-09 14:57:53.121555,JA_EMS_Demonstrator_Thing,69,33,0,11.737,-150,33,0,11.582,-154,34,0,11.662,33800,0
2021-04-09 14:57:53.180545,JA_EMS_Demonstrator_Thing,69,33,0,11.737,-150,33,0,11.582,-154,34,0,11.662,33850,0
2021-04-09 14:57:53.239851,JA_EMS_Demonstrator_Thing,69,33,0,11.738,-150,33,0,11.582,-154,34,0,11.662,33900,0
2021-04-09 14:57:53.300312,JA_EMS_Demonstrator_Thing,69,33,0,11.738,-150,33,0,11.582,-154,34,0,11.662,33950,0
2021-04-09 14:57:53.361511,JA_EMS_Demonstrator_Thing,69,33,0,11.738,-150,33,0,11.582,-154,34,0,11.662,34000,0
2021-04-09 14:57:53.421529,JA_EMS_Demonstrator_Thing,69,33,0,11.738,-150,33,0,11.582,-154,34,0,11.662,34050,0
2021-04-09 14:57:53.480563,JA_EMS_Demonstrator_Thing,69,33,0,11.739,-150,33,0,11.582,-154,34,0,11.662,34100,0
2021-04-09 14:57:53.539947,JA_EMS_Demonstrator_Thing,69,33,0,11.739,-150,33,0,11.582,-154,34,0,11.662,34150,0
2021-04-09 14:57:53.600286,JA_EMS_Demonstrator_Thing,69,33,0,11.74,-150,33,0,11.582,-154,34,0,11.662,34200,0
2021-04-09 14:57:53.661401,JA_EMS_Demonstrator_Thing,69,33,0,11.74,-150,33,0,11.582,-154,34,0,11.662,34250,0
2021-04-09 14:57:53.721425,JA_EMS_Demonstrator_Thing,69,33,0,11.74,-150,33,0,11.582,-154,34,0,11.662,34300,0
2021-04-09 14:57:53.781976,JA_EMS_Demonstrator_Thing,69,33,0,11.74,-150,33,0,11.582,-154,34,0,11.662,34350,0
2021-04-09 14:57:53.841183,JA_EMS_Demonstrator_Thing,69,33,0,11.74,-150,33,0,11.582,-154,34,0,11.662,34400,0
2021-04-09 14:57:53.900235,JA_EMS_Demonstrator_Thing,69,33,0,11.74,-150,33,0,11.582,-154,34,0,11.662,34450,0
2021-04-09 14:57:53.960838,JA_EMS_Demonstrator_Thing,69,33,0,11.741,-150,33,0,11.582,-154,34,0,11.662,34500,0
2021-04-09 14:57:54.020059,JA_EMS_Demonstrator_Thing,69,33,0,11.741,-150,33,0,11.582,-154,34,0,11.662,34550,0
2021-04-09 14:57:54.082034,JA_EMS_Demonstrator_Thing,69,33,0,11.741,-150,33,0,11.582,-154,34,0,11.662,34600,0
2021-04-09 14:57:54.142582,JA_EMS_Demonstrator_Thing,69,33,0,11.741,-150,33,0,11.582,-154,34,0,11.662,34650,0
2021-04-09 14:57:54.200374,JA_EMS_Demonstrator_Thing,69,33,0,11.741,-150,33,0,11.582,-154,34,0,11.662,34700,0
2021-04-09 14:57:54.261268,JA_EMS_Demonstrator_Thing,69,33,0,11.741,-150,33,0,11.582,-154,34,0,11.662,34750,0
2021-04-09 14:57:54.320187,JA_EMS_Demonstrator_Thing,69,33,0,11.74,-150,33,0,11.582,-154,34,0,11.662,34800,0
2021-04-09 14:57:54.382416,JA_EMS_Demonstrator_Thing,69,33,0,11.741,-150,33,0,11.582,-154,34,0,11.662,34850,0
2021-04-09 14:57:54.441243,JA_EMS_Demonstrator_Thing,69,33,0,11.74,-150,33,0,11.582,-154,34,0,11.662,34900,0
2021-04-09 14:57:54.500578,JA_EMS_Demonstrator_Thing,69,33,0,11.74,-150,33,0,11.582,-154,34,0,11.662,34950,0
2021-04-09 14:57:54.561148,JA_EMS_Demonstrator_Thing,69,33,0,11.741,-150,33,0,11.582,-154,34,0,11.662,35000,0
2021-04-09 14:57:54.620073,JA_EMS_Demonstrator_Thing,69,33,0,11.741,-150,33,0,11.582,-154,34,0,11.662,35050,0
2021-04-09 14:57:54.681916,JA_EMS_Demonstrator_Thing,69,33,0,11.74,-150,33,0,11.582,-154,34,0,11.662,35100,0
2021-04-09 14:57:54.741229,JA_EMS_Demonstrator_Thing,69,33,0,11.74,-150,33,0,11.582,-154,34,0,11.662,35150,0
2021-04-09 14:57:54.800563,JA_EMS_Demonstrator_Thing,69,33,0,11.74,-150,33,0,11.582,-154,34,0,11.662,35200,0
2021-04-09 14:57:54.861226,JA_EMS_Demonstrator_Thing,69,33,0,11.74,-150,33,0,11.582,-154,34,0,11.662,35250,0
2021-04-09 14:57:54.920173,JA_EMS_Demonstrator_Thing,69,33,0,11.74,-150,33,0,11.582,-154,34,0,11.662,35300,0
2021-04-09 14:57:54.982340,JA_EMS_Demonstrator_Thing,69,33,0,11.739,-150,33,0,11.582,-154,34,0,11.662,35350,0
2021-04-09 14:57:55.044239,JA_EMS_Demonstrator_Thing,69,33,0,11.74,-150,33,0,11.582,-154,34,0,11.662,35400,0
2021-04-09 14:57:55.101164,JA_EMS_Demonstrator_Thing,69,33,0,11.739,-150,33,0,11.582,-154,34,0,11.662,35450,0
2021-04-09 14:57:55.161387,JA_EMS_Demonstrator_Thing,69,33,0,11.74,-150,33,0,11.582,-154,34,0,11.662,35500,0
2021-04-09 14:57:55.220152,JA_EMS_Demonstrator_Thing,69,33,0,11.74,-150,33,0,11.582,-154,34,0,11.662,35550,0
2021-04-09 14:57:55.282266,JA_EMS_Demonstrator_Thing,69,33,0,11.739,-150,33,0,11.582,-154,34,0,11.662,35600,0
2021-04-09 14:57:55.341574,JA_EMS_Demonstrator_Thing,69,33,0,11.739,-150,33,0,11.582,-154,34,0,11.662,35650,0
2021-04-09 14:57:55.401067,JA_EMS_Demonstrator_Thing,69,33,0,11.738,-150,33,0,11.582,-154,34,0,11.662,35700,0
2021-04-09 14:57:55.461487,JA_EMS_Demonstrator_Thing,69,33,0,11.738,-150,33,0,11.582,-154,34,0,11.662,35750,0
2021-04-09 14:57:55.520251,JA_EMS_Demonstrator_Thing,69,33,0,11.738,-150,33,0,11.582,-154,34,0,11.662,35800,0
2021-04-09 14:57:55.582242,JA_EMS_Demonstrator_Thing,69,33,0,11.737,-150,33,0,11.582,-154,34,0,11.662,35850,0
2021-04-09 14:57:55.641584,JA_EMS_Demonstrator_Thing,69,33,0,11.736,-150,33,0,11.582,-154,34,0,11.662,35900,0
2021-04-09 14:57:55.701635,JA_EMS_Demonstrator_Thing,69,33,0,11.735,-150,33,0,11.582,-154,34,0,11.662,35950,0
2021-04-09 14:57:55.761643,JA_EMS_Demonstrator_Thing,69,33,0,11.735,-150,33,0,11.582,-154,34,0,11.662,36000,0
2021-04-09 14:57:55.820893,JA_EMS_Demonstrator_Thing,69,33,0,11.735,-150,33,0,11.582,-154,34,0,11.662,36050,0
2021-04-09 14:57:55.882914,JA_EMS_Demonstrator_Thing,69,33,0,11.735,-150,33,0,11.582,-154,34,0,11.662,36100,0
2021-04-09 14:57:55.942341,JA_EMS_Demonstrator_Thing,69,33,0,11.735,-150,33,0,11.582,-154,34,0,11.662,36150,0
2021-04-09 14:57:56.001245,JA_EMS_Demonstrator_Thing,69,33,0,11.735,-150,33,0,11.582,-154,34,0,11.662,36200,0
2021-04-09 14:57:56.061661,JA_EMS_Demonstrator_Thing,69,33,0,11.736,-150,33,0,11.582,-154,34,0,11.662,36250,0
2021-04-09 14:57:56.121013,JA_EMS_Demonstrator_Thing,69,33,0,11.736,-150,33,0,11.582,-154,34,0,11.662,36300,0
2021-04-09 14:57:56.183395,JA_EMS_Demonstrator_Thing,69,33,0,11.737,-150,33,0,11.582,-154,34,0,11.662,36350,0
2021-04-09 14:57:56.242502,JA_EMS_Demonstrator_Thing,69,33,0,11.737,-150,33,0,11.582,-154,34,0,11.662,36400,0
2021-04-09 14:57:56.301215,JA_EMS_Demonstrator_Thing,69,33,0,11.737,-150,33,0,11.582,-154,34,0,11.662,36450,0
2021-04-09 14:57:56.361648,JA_EMS_Demonstrator_Thing,69,33,0,11.738,-150,33,0,11.582,-154,34,0,11.662,36500,0
2021-04-09 14:57:56.420935,JA_EMS_Demonstrator_Thing,69,33,0,11.737,-150,33,0,11.582,-154,34,0,11.662,36550,0
2021-04-09 14:57:56.482408,JA_EMS_Demonstrator_Thing,69,33,0,11.737,-150,33,0,11.582,-154,34,0,11.662,36600,0
2021-04-09 14:57:56.542588,JA_EMS_Demonstrator_Thing,69,33,0,11.737,-150,33,0,11.582,-154,34,0,11.662,36650,0
2021-04-09 14:57:56.603365,JA_EMS_Demonstrator_Thing,69,33,0,11.737,-150,33,0,11.582,-154,34,0,11.662,36700,0
2021-04-09 14:57:56.661810,JA_EMS_Demonstrator_Thing,69,33,0,11.737,-150,33,0,11.582,-154,34,0,11.662,36750,0
2021-04-09 14:57:56.721018,JA_EMS_Demonstrator_Thing,69,33,0,11.737,-150,33,0,11.582,-154,34,0,11.662,36800,0
2021-04-09 14:57:56.781478,JA_EMS_Demonstrator_Thing,69,33,0,11.737,-150,33,0,11.582,-154,34,0,11.662,36850,0
2021-04-09 14:57:56.840755,JA_EMS_Demonstrator_Thing,69,33,0,11.737,-150,33,0,11.582,-154,34,0,11.662,36900,0
2021-04-09 14:57:56.901323,JA_EMS_Demonstrator_Thing,69,33,0,11.737,-150,33,0,11.582,-154,34,0,11.662,36950,0
2021-04-09 14:57:56.961678,JA_EMS_Demonstrator_Thing,69,33,0,11.738,-150,33,0,11.582,-154,34,0,11.662,37000,0
2021-04-09 14:57:57.020904,JA_EMS_Demonstrator_Thing,69,33,0,11.738,-150,33,0,11.582,-154,34,0,11.662,37050,0
2021-04-09 14:57:57.081392,JA_EMS_Demonstrator_Thing,69,33,0,11.738,-150,33,0,11.582,-154,34,0,11.662,37100,0
2021-04-09 14:57:57.140996,JA_EMS_Demonstrator_Thing,69,33,0,11.737,-150,33,0,11.582,-154,34,0,11.662,37150,0
2021-04-09 14:57:57.201377,JA_EMS_Demonstrator_Thing,69,33,0,11.738,-150,33,0,11.582,-154,34,0,11.662,37200,0
2021-04-09 14:57:57.261767,JA_EMS_Demonstrator_Thing,69,33,0,11.738,-150,33,0,11.582,-154,34,0,11.662,37250,0
2021-04-09 14:57:57.320922,JA_EMS_Demonstrator_Thing,69,33,0,11.738,-150,33,0,11.582,-154,34,0,11.662,37300,0
2021-04-09 14:57:57.381665,JA_EMS_Demonstrator_Thing,69,33,0,11.737,-150,33,0,11.582,-154,34,0,11.662,37350,0
2021-04-09 14:57:57.440742,JA_EMS_Demonstrator_Thing,69,33,0,11.737,-150,33,0,11.582,-154,34,0,11.662,37400,0
2021-04-09 14:57:57.501264,JA_EMS_Demonstrator_Thing,69,33,0,11.738,-150,33,0,11.582,-154,34,0,11.662,37450,0
2021-04-09 14:57:57.561844,JA_EMS_Demonstrator_Thing,69,33,0,11.739,-150,33,0,11.582,-154,34,0,11.662,37500,0
2021-04-09 14:57:57.620925,JA_EMS_Demonstrator_Thing,69,33,0,11.739,-150,33,0,11.582,-154,34,0,11.662,37550,0
2021-04-09 14:57:57.681413,JA_EMS_Demonstrator_Thing,69,33,0,11.739,-150,33,0,11.582,-154,34,0,11.662,37600,0
2021-04-09 14:57:57.740686,JA_EMS_Demonstrator_Thing,69,33,0,11.739,-150,33,0,11.582,-154,34,0,11.662,37650,0
2021-04-09 14:57:57.803004,JA_EMS_Demonstrator_Thing,69,33,0,11.739,-150,33,0,11.582,-154,34,0,11.662,37700,0
2021-04-09 14:57:57.863469,JA_EMS_Demonstrator_Thing,69,33,0,11.739,-150,33,0,11.582,-154,34,0,11.662,37750,0
2021-04-09 14:57:57.920999,JA_EMS_Demonstrator_Thing,69,33,0,11.739,-150,33,0,11.582,-154,34,0,11.662,37800,0
2021-04-09 14:57:57.981483,JA_EMS_Demonstrator_Thing,69,33,0,11.739,-150,33,0,11.582,-154,34,0,11.662,37850,0
2021-04-09 14:57:58.040850,JA_EMS_Demonstrator_Thing,69,33,0,11.738,-150,33,0,11.582,-154,34,0,11.662,37900,0
2021-04-09 14:57:58.102950,JA_EMS_Demonstrator_Thing,69,33,0,11.738,-150,33,0,11.582,-154,34,0,11.662,37950,0
2021-04-09 14:57:58.163459,JA_EMS_Demonstrator_Thing,69,33,0,11.738,-150,33,0,11.582,-154,34,0,11.662,38000,0
2021-04-09 14:57:58.221104,JA_EMS_Demonstrator_Thing,69,33,0,11.737,-150,33,0,11.582,-154,34,0,11.662,38050,0
2021-04-09 14:57:58.281319,JA_EMS_Demonstrator_Thing,69,33,0,11.736,-150,33,0,11.582,-154,34,0,11.662,38100,0
2021-04-09 14:57:58.340564,JA_EMS_Demonstrator_Thing,69,33,0,11.735,-150,33,0,11.582,-154,34,0,11.662,38150,0
2021-04-09 14:57:58.401824,JA_EMS_Demonstrator_Thing,69,33,0,11.735,-150,33,0,11.582,-154,34,0,11.662,38200,0
2021-04-09 14:57:58.462200,JA_EMS_Demonstrator_Thing,69,33,0,11.735,-150,33,0,11.582,-154,34,0,11.662,38250,0
2021-04-09 14:57:58.520372,JA_EMS_Demonstrator_Thing,69,33,0,11.735,-150,33,0,11.582,-154,34,0,11.662,38300,0
2021-04-09 14:57:58.580897,JA_EMS_Demonstrator_Thing,69,33,0,11.736,-150,33,0,11.582,-154,34,0,11.662,38350,0
2021-04-09 14:57:58.640076,JA_EMS_Demonstrator_Thing,69,33,0,11.736,-150,33,0,11.582,-154,34,0,11.662,38400,0
2021-04-09 14:57:58.701937,JA_EMS_Demonstrator_Thing,69,33,0,11.736,-150,33,0,11.582,-154,34,0,11.662,38450,0
2021-04-09 14:57:58.762571,JA_EMS_Demonstrator_Thing,69,33,0,11.736,-150,33,0,11.582,-154,34,0,11.662,38500,0
2021-04-09 14:57:58.820155,JA_EMS_Demonstrator_Thing,69,33,0,11.735,-150,33,0,11.582,-154,34,0,11.662,38550,0
2021-04-09 14:57:58.880656,JA_EMS_Demonstrator_Thing,69,33,0,11.736,-150,33,0,11.582,-154,34,0,11.662,38600,0
2021-04-09 14:57:58.941697,JA_EMS_Demonstrator_Thing,69,33,0,11.735,-150,33,0,11.582,-154,34,0,11.662,38650,0
2021-04-09 14:57:59.000436,JA_EMS_Demonstrator_Thing,69,33,0,11.736,-150,33,0,11.582,-154,34,0,11.662,38700,0
2021-04-09 14:57:59.062392,JA_EMS_Demonstrator_Thing,69,33,0,11.737,-150,33,0,11.582,-154,34,0,11.662,38750,0
2021-04-09 14:57:59.122865,JA_EMS_Demonstrator_Thing,69,33,0,11.737,-150,33,0,11.582,-154,34,0,11.662,38800,0
2021-04-09 14:57:59.183178,JA_EMS_Demonstrator_Thing,69,33,0,11.737,-150,33,0,11.582,-154,34,0,11.662,38850,0
2021-04-09 14:57:59.243628,JA_EMS_Demonstrator_Thing,69,33,0,11.737,-150,33,0,11.582,-154,34,0,11.662,38900,0
2021-04-09 14:57:59.301230,JA_EMS_Demonstrator_Thing,69,33,0,11.738,-150,33,0,11.582,-154,34,0,11.662,38950,0
2021-04-09 14:57:59.360473,JA_EMS_Demonstrator_Thing,69,33,0,11.738,-150,33,0,11.582,-154,34,0,11.662,39000,0
2021-04-09 14:57:59.418494,JA_EMS_Demonstrator_Thing,69,33,0,11.738,-150,33,0,11.582,-154,34,0,11.662,39050,0
2021-04-09 14:57:59.478027,JA_EMS_Demonstrator_Thing,69,33,0,11.738,-150,33,0,11.582,-154,34,0,11.662,39100,0
2021-04-09 14:57:59.538520,JA_EMS_Demonstrator_Thing,69,33,0,11.738,-150,33,0,11.582,-154,34,0,11.662,39150,0
2021-04-09 14:57:59.597811,JA_EMS_Demonstrator_Thing,69,33,0,11.738,-150,33,0,11.582,-154,34,0,11.662,39200,0
2021-04-09 14:57:59.658330,JA_EMS_Demonstrator_Thing,69,33,0,11.738,-150,33,0,11.582,-154,34,0,11.662,39250,0
2021-04-09 14:57:59.717471,JA_EMS_Demonstrator_Thing,69,33,0,11.738,-150,33,0,11.582,-154,34,0,11.662,39300,0
2021-04-09 14:57:59.778005,JA_EMS_Demonstrator_Thing,69,33,0,11.738,-150,33,0,11.582,-154,34,0,11.662,39350,0
2021-04-09 14:57:59.838494,JA_EMS_Demonstrator_Thing,69,33,0,11.738,-150,33,0,11.582,-154,34,0,11.662,39400,0
2021-04-09 14:57:59.897882,JA_EMS_Demonstrator_Thing,69,33,0,11.737,-150,33,0,11.582,-154,34,0,11.662,39450,0
2021-04-09 14:57:59.958298,JA_EMS_Demonstrator_Thing,69,33,0,11.737,-150,33,0,11.582,-154,34,0,11.662,39500,0
2021-04-09 14:58:00.017667,JA_EMS_Demonstrator_Thing,69,33,0,11.737,-150,33,0,11.582,-154,34,0,11.662,39550,0
2021-04-09 14:58:00.078061,JA_EMS_Demonstrator_Thing,69,33,0,11.737,-150,33,0,11.582,-154,34,0,11.662,39600,0
2021-04-09 14:58:00.142745,JA_EMS_Demonstrator_Thing,69,33,0,11.737,-150,33,0,11.582,-154,34,0,11.662,39650,0
2021-04-09 14:58:00.202984,JA_EMS_Demonstrator_Thing,69,33,0,11.737,-150,33,0,11.582,-154,34,0,11.662,39700,0
2021-04-09 14:58:00.260894,JA_EMS_Demonstrator_Thing,69,33,0,11.737,-150,33,0,11.582,-154,34,0,11.662,39750,0
2021-04-09 14:58:00.324324,JA_EMS_Demonstrator_Thing,69,33,0,11.738,-150,33,0,11.582,-154,34,0,11.662,39800,0
2021-04-09 14:58:00.386762,JA_EMS_Demonstrator_Thing,69,33,0,11.738,-150,33,0,11.581,-154,34,0,11.662,39850,0
2021-04-09 14:58:00.439090,JA_EMS_Demonstrator_Thing,69,33,0,11.738,-150,33,0,11.581,-154,34,0,11.662,39900,0
2021-04-09 14:58:00.497926,JA_EMS_Demonstrator_Thing,69,33,0,11.738,-150,33,0,11.581,-154,34,0,11.662,39950,0
2021-04-09 14:58:00.558274,JA_EMS_Demonstrator_Thing,69,33,0,11.738,-150,33,0,11.581,-154,34,0,11.662,40000,0
2021-04-09 14:58:00.617491,JA_EMS_Demonstrator_Thing,69,33,0,11.738,-150,33,0,11.581,-154,34,0,11.662,40050,0
2021-04-09 14:58:00.678010,JA_EMS_Demonstrator_Thing,69,33,0,11.738,-150,33,0,11.581,-154,34,0,11.662,40100,0
2021-04-09 14:58:00.738570,JA_EMS_Demonstrator_Thing,69,33,0,11.738,-150,33,500,11.581,-154,34,0,11.662,40150,1
2021-04-09 14:58:00.797821,JA_EMS_Demonstrator_Thing,69,33,0,11.737,-150,33,500,11.581,-154,34,0,11.662,40200,1
2021-04-09 14:58:00.858923,JA_EMS_Demonstrator_Thing,69,33,0,11.737,-150,33,500,11.581,-154,34,0,11.662,40250,1
2021-04-09 14:58:00.917490,JA_EMS_Demonstrator_Thing,69,33,0,11.737,-150,33,500,11.581,-154,34,0,11.662,40300,1
2021-04-09 14:58:00.978780,JA_EMS_Demonstrator_Thing,69,33,0,11.736,-150,33,500,11.581,-154,34,0,11.662,40350,1
2021-04-09 14:58:01.037453,JA_EMS_Demonstrator_Thing,69,33,0,11.736,-150,33,500,11.581,-154,34,0,11.662,40400,1
2021-04-09 14:58:01.098771,JA_EMS_Demonstrator_Thing,69,33,0,11.736,-150,33,500,11.581,-154,34,0,11.662,40450,1
2021-04-09 14:58:01.164255,JA_EMS_Demonstrator_Thing,69,33,0,11.736,-150,33,500,11.581,-154,34,0,11.662,40500,1
2021-04-09 14:58:01.221305,JA_EMS_Demonstrator_Thing,69,33,0,11.736,-150,33,500,11.581,-154,34,0,11.662,40550,1
2021-04-09 14:58:01.280896,JA_EMS_Demonstrator_Thing,69,33,0,11.736,-150,33,500,11.581,-154,34,0,11.662,40600,1
2021-04-09 14:58:01.340230,JA_EMS_Demonstrator_Thing,69,33,0,11.736,-150,33,500,11.581,-154,34,0,11.662,40650,1
2021-04-09 14:58:01.400810,JA_EMS_Demonstrator_Thing,69,33,0,11.736,-150,33,500,11.581,-154,34,0,11.662,40700,1
2021-04-09 14:58:01.461289,JA_EMS_Demonstrator_Thing,69,33,0,11.736,-150,33,500,11.581,-154,34,0,11.662,40750,1
2021-04-09 14:58:01.522182,JA_EMS_Demonstrator_Thing,69,33,0,11.736,-150,33,0,11.581,-154,34,0,11.662,40800,0
2021-04-09 14:58:01.582642,JA_EMS_Demonstrator_Thing,69,33,0,11.736,-150,33,0,11.581,-154,34,0,11.662,40850,0
2021-04-09 14:58:01.640824,JA_EMS_Demonstrator_Thing,69,33,0,11.736,-150,33,0,11.581,-154,34,0,11.662,40900,0
2021-04-09 14:58:01.700808,JA_EMS_Demonstrator_Thing,69,33,0,11.736,-150,33,0,11.581,-154,34,0,11.662,40950,0
2021-04-09 14:58:01.761263,JA_EMS_Demonstrator_Thing,69,33,0,11.736,-150,33,0,11.581,-154,34,0,11.662,41000,0
2021-04-09 14:58:01.821615,JA_EMS_Demonstrator_Thing,69,33,0,11.736,-150,33,0,11.581,-154,34,0,11.662,41050,0
2021-04-09 14:58:01.882662,JA_EMS_Demonstrator_Thing,69,33,0,11.736,-150,33,0,11.581,-154,34,0,11.662,41100,0
2021-04-09 14:58:01.940168,JA_EMS_Demonstrator_Thing,69,33,0,11.735,-150,33,0,11.581,-154,34,0,11.662,41150,0
2021-04-09 14:58:02.000702,JA_EMS_Demonstrator_Thing,69,33,0,11.735,-150,33,0,11.581,-154,34,0,11.662,41200,0
2021-04-09 14:58:02.061286,JA_EMS_Demonstrator_Thing,69,33,0,11.736,-150,33,0,11.581,-154,34,0,11.662,41250,0
2021-04-09 14:58:02.121527,JA_EMS_Demonstrator_Thing,69,33,0,11.735,-150,33,0,11.581,-154,34,0,11.662,41300,0
2021-04-09 14:58:02.182598,JA_EMS_Demonstrator_Thing,69,33,0,11.735,-150,33,0,11.581,-154,34,0,11.662,41350,0
2021-04-09 14:58:02.240200,JA_EMS_Demonstrator_Thing,69,33,0,11.735,-150,33,0,11.581,-154,34,0,11.662,41400,0
2021-04-09 14:58:02.300756,JA_EMS_Demonstrator_Thing,69,33,0,11.735,-150,33,0,11.581,-154,34,0,11.662,41450,0
2021-04-09 14:58:02.361218,JA_EMS_Demonstrator_Thing,69,33,0,11.735,-150,33,0,11.581,-154,34,0,11.662,41500,0
2021-04-09 14:58:02.421397,JA_EMS_Demonstrator_Thing,69,33,0,11.735,-150,33,0,11.581,-154,34,0,11.662,41550,0
2021-04-09 14:58:02.482423,JA_EMS_Demonstrator_Thing,69,33,0,11.735,-150,33,0,11.581,-154,34,0,11.662,41600,0
2021-04-09 14:58:02.540006,JA_EMS_Demonstrator_Thing,69,33,0,11.735,-150,33,0,11.581,-154,34,0,11.662,41650,0
2021-04-09 14:58:02.600554,JA_EMS_Demonstrator_Thing,69,33,0,11.735,-150,33,0,11.581,-154,34,0,11.662,41700,0
2021-04-09 14:58:02.661090,JA_EMS_Demonstrator_Thing,69,33,0,11.734,-150,33,0,11.58,-154,34,0,11.662,41750,0
2021-04-09 14:58:02.720819,JA_EMS_Demonstrator_Thing,69,33,0,11.733,-150,33,0,11.58,-154,34,0,11.662,41800,0
2021-04-09 14:58:02.782150,JA_EMS_Demonstrator_Thing,69,33,0,11.732,-150,33,0,11.58,-154,34,0,11.662,41850,0
2021-04-09 14:58:02.839999,JA_EMS_Demonstrator_Thing,69,33,0,11.733,-150,33,0,11.58,-154,34,0,11.662,41900,0
2021-04-09 14:58:02.900601,JA_EMS_Demonstrator_Thing,69,33,0,11.733,-150,33,0,11.58,-154,34,0,11.662,41950,0
2021-04-09 14:58:02.960889,JA_EMS_Demonstrator_Thing,69,33,0,11.733,-150,33,0,11.58,-154,34,0,11.662,42000,0
2021-04-09 14:58:03.020068,JA_EMS_Demonstrator_Thing,69,33,0,11.734,-150,33,0,11.58,-154,34,0,11.662,42050,0
2021-04-09 14:58:03.080586,JA_EMS_Demonstrator_Thing,69,33,0,11.734,-150,33,0,11.58,-154,34,0,11.662,42100,0
2021-04-09 14:58:03.139831,JA_EMS_Demonstrator_Thing,69,33,0,11.734,-150,33,0,11.58,-154,34,0,11.662,42150,0
2021-04-09 14:58:03.200306,JA_EMS_Demonstrator_Thing,69,33,0,11.735,-150,33,0,11.58,-154,34,0,11.662,42200,0
2021-04-09 14:58:03.262572,JA_EMS_Demonstrator_Thing,69,33,0,11.735,-150,33,0,11.58,-154,34,0,11.662,42250,0
2021-04-09 14:58:03.320007,JA_EMS_Demonstrator_Thing,69,33,0,11.735,-150,33,0,11.58,-154,34,0,11.662,42300,0
2021-04-09 14:58:03.380436,JA_EMS_Demonstrator_Thing,69,33,0,11.734,-150,33,0,11.58,-154,34,0,11.662,42350,0
2021-04-09 14:58:03.441239,JA_EMS_Demonstrator_Thing,69,33,0,11.734,-150,33,0,11.58,-154,34,0,11.662,42400,0
2021-04-09 14:58:03.501652,JA_EMS_Demonstrator_Thing,69,33,0,11.734,-150,33,0,11.58,-154,34,0,11.662,42450,0
2021-04-09 14:58:03.560691,JA_EMS_Demonstrator_Thing,69,33,0,11.734,-150,33,0,11.58,-154,34,0,11.662,42500,0
2021-04-09 14:58:03.620255,JA_EMS_Demonstrator_Thing,69,33,0,11.735,-150,33,0,11.58,-154,34,0,11.662,42550,0
2021-04-09 14:58:03.681884,JA_EMS_Demonstrator_Thing,69,33,0,11.735,-150,33,0,11.58,-154,34,0,11.662,42600,0
2021-04-09 14:58:03.742026,JA_EMS_Demonstrator_Thing,69,33,0,11.734,-150,33,0,11.58,-154,34,0,11.662,42650,0
2021-04-09 14:58:03.802445,JA_EMS_Demonstrator_Thing,69,33,0,11.735,-150,33,0,11.58,-154,34,0,11.662,42700,0
2021-04-09 14:58:03.861334,JA_EMS_Demonstrator_Thing,69,33,0,11.736,-150,33,0,11.58,-154,34,0,11.662,42750,0
2021-04-09 14:58:03.920779,JA_EMS_Demonstrator_Thing,69,33,0,11.736,-150,33,0,11.58,-154,34,0,11.662,42800,0
2021-04-09 14:58:03.981090,JA_EMS_Demonstrator_Thing,69,33,0,11.736,-150,33,0,11.58,-154,34,0,11.662,42850,0
2021-04-09 14:58:04.042097,JA_EMS_Demonstrator_Thing,69,33,0,11.736,-150,33,0,11.58,-154,34,0,11.662,42900,0
2021-04-09 14:58:04.102513,JA_EMS_Demonstrator_Thing,69,33,0,11.736,-150,33,0,11.58,-154,34,0,11.662,42950,0
2021-04-09 14:58:04.161383,JA_EMS_Demonstrator_Thing,69,33,0,11.736,-150,33,0,11.58,-154,34,0,11.662,43000,0
2021-04-09 14:58:04.221750,JA_EMS_Demonstrator_Thing,69,33,0,11.735,-150,33,0,11.58,-154,34,0,11.662,43050,0
2021-04-09 14:58:04.281308,JA_EMS_Demonstrator_Thing,69,33,0,11.736,-150,33,0,11.58,-154,34,0,11.662,43100,0
2021-04-09 14:58:04.342035,JA_EMS_Demonstrator_Thing,69,33,0,11.735,-150,33,0,11.58,-154,34,0,11.662,43150,0
2021-04-09 14:58:04.402560,JA_EMS_Demonstrator_Thing,69,33,0,11.735,-150,33,0,11.58,-154,34,0,11.662,43200,0
2021-04-09 14:58:04.461350,JA_EMS_Demonstrator_Thing,69,33,0,11.734,-150,33,0,11.58,-154,34,0,11.662,43250,0
2021-04-09 14:58:04.520766,JA_EMS_Demonstrator_Thing,69,33,0,11.734,-150,33,0,11.58,-154,34,0,11.662,43300,0
2021-04-09 14:58:04.581282,JA_EMS_Demonstrator_Thing,69,33,0,11.734,-150,33,0,11.58,-154,34,0,11.662,43350,0
2021-04-09 14:58:04.642158,JA_EMS_Demonstrator_Thing,69,33,0,11.735,-150,33,0,11.58,-154,34,0,11.662,43400,0
2021-04-09 14:58:04.702834,JA_EMS_Demonstrator_Thing,69,33,0,11.735,-150,33,0,11.58,-154,34,0,11.662,43450,0
2021-04-09 14:58:04.760501,JA_EMS_Demonstrator_Thing,69,33,0,11.735,-150,33,0,11.58,-154,34,0,11.662,43500,0
2021-04-09 14:58:04.822115,JA_EMS_Demonstrator_Thing,69,33,0,11.735,-150,33,0,11.58,-154,34,0,11.662,43550,0
2021-04-09 14:58:04.882319,JA_EMS_Demonstrator_Thing,69,33,0,11.734,-150,33,0,11.58,-154,34,0,11.662,43600,0
2021-04-09 14:58:04.937878,JA_EMS_Demonstrator_Thing,69,33,0,11.734,-150,33,0,11.58,-154,34,0,11.662,43650,0
2021-04-09 14:58:04.997907,JA_EMS_Demonstrator_Thing,69,33,0,11.733,-150,33,0,11.58,-154,34,0,11.662,43700,0
2021-04-09 14:58:05.058449,JA_EMS_Demonstrator_Thing,69,33,0,11.733,-150,33,0,11.58,-154,34,0,11.662,43750,0
2021-04-09 14:58:05.117663,JA_EMS_Demonstrator_Thing,69,33,0,11.734,-150,33,0,11.58,-154,34,0,11.662,43800,0
2021-04-09 14:58:05.178100,JA_EMS_Demonstrator_Thing,69,33,0,11.734,-150,33,0,11.58,-154,34,0,11.662,43850,0
2021-04-09 14:58:05.237310,JA_EMS_Demonstrator_Thing,69,33,0,11.734,-150,33,0,11.58,-154,34,0,11.662,43900,0
2021-04-09 14:58:05.297868,JA_EMS_Demonstrator_Thing,69,33,0,11.734,-150,33,0,11.58,-154,34,0,11.662,43950,0
2021-04-09 14:58:05.358390,JA_EMS_Demonstrator_Thing,69,33,0,11.734,-150,33,0,11.58,-154,34,0,11.662,44000,0
2021-04-09 14:58:05.417626,JA_EMS_Demonstrator_Thing,69,33,0,11.734,-150,33,0,11.58,-154,34,0,11.662,44050,0
2021-04-09 14:58:05.478073,JA_EMS_Demonstrator_Thing,69,33,0,11.734,-150,33,0,11.58,-154,34,0,11.662,44100,0
2021-04-09 14:58:05.537334,JA_EMS_Demonstrator_Thing,69,33,0,11.735,-150,33,0,11.58,-154,34,0,11.662,44150,0
2021-04-09 14:58:05.597996,JA_EMS_Demonstrator_Thing,69,33,0,11.735,-150,33,0,11.58,-154,34,0,11.662,44200,0
2021-04-09 14:58:05.661612,JA_EMS_Demonstrator_Thing,69,33,0,11.735,-150,33,0,11.58,-154,34,0,11.662,44250,0
2021-04-09 14:58:05.722124,JA_EMS_Demonstrator_Thing,69,33,0,11.735,-150,33,0,11.58,-154,34,0,11.662,44300,0
2021-04-09 14:58:05.780843,JA_EMS_Demonstrator_Thing,69,33,0,11.735,-150,33,0,11.58,-154,34,0,11.662,44350,0
2021-04-09 14:58:05.841637,JA_EMS_Demonstrator_Thing,69,33,0,11.736,-150,33,0,11.58,-154,34,0,11.662,44400,0
2021-04-09 14:58:05.902225,JA_EMS_Demonstrator_Thing,69,33,0,11.736,-150,33,0,11.58,-154,34,0,11.662,44450,0
2021-04-09 14:58:05.959900,JA_EMS_Demonstrator_Thing,69,33,0,11.736,-150,33,0,11.58,-154,34,0,11.662,44500,0
2021-04-09 14:58:06.020427,JA_EMS_Demonstrator_Thing,69,33,0,11.736,-150,33,0,11.58,-154,34,0,11.662,44550,0
2021-04-09 14:58:06.080915,JA_EMS_Demonstrator_Thing,69,33,0,11.736,-150,33,0,11.58,-154,34,0,11.662,44600,0
2021-04-09 14:58:06.142877,JA_EMS_Demonstrator_Thing,69,33,0,11.737,-150,33,0,11.58,-154,34,0,11.662,44650,0
2021-04-09 14:58:06.202781,JA_EMS_Demonstrator_Thing,69,33,0,11.736,-150,33,0,11.58,-154,34,0,11.662,44700,0
2021-04-09 14:58:06.260333,JA_EMS_Demonstrator_Thing,69,33,0,11.735,-150,33,0,11.58,-154,34,0,11.662,44750,0
2021-04-09 14:58:06.320692,JA_EMS_Demonstrator_Thing,69,33,0,11.735,-150,33,0,11.58,-154,34,0,11.662,44800,0
2021-04-09 14:58:06.382516,JA_EMS_Demonstrator_Thing,69,33,0,11.735,-150,33,0,11.58,-154,34,0,11.662,44850,0
2021-04-09 14:58:06.440072,JA_EMS_Demonstrator_Thing,69,33,0,11.736,-150,33,0,11.58,-154,34,0,11.662,44900,0
2021-04-09 14:58:06.498920,JA_EMS_Demonstrator_Thing,69,33,0,11.736,-150,33,0,11.58,-154,34,0,11.662,44950,0
2021-04-09 14:58:06.557474,JA_EMS_Demonstrator_Thing,69,33,0,11.736,-150,33,0,11.579,-154,34,0,11.662,45000,0
2021-04-09 14:58:06.617782,JA_EMS_Demonstrator_Thing,69,33,0,11.735,-150,33,0,11.579,-154,34,0,11.662,45050,0
2021-04-09 14:58:06.678346,JA_EMS_Demonstrator_Thing,69,33,0,11.734,-150,33,0,11.579,-154,34,0,11.662,45100,0
2021-04-09 14:58:06.737484,JA_EMS_Demonstrator_Thing,69,33,0,11.734,-150,33,0,11.579,-154,34,0,11.662,45150,0
2021-04-09 14:58:06.798033,JA_EMS_Demonstrator_Thing,69,33,0,11.734,-150,33,0,11.579,-154,34,0,11.662,45200,0
2021-04-09 14:58:06.857247,JA_EMS_Demonstrator_Thing,69,33,0,11.734,-150,33,0,11.579,-154,34,0,11.662,45250,0
2021-04-09 14:58:06.917792,JA_EMS_Demonstrator_Thing,69,33,0,11.734,-150,33,0,11.579,-154,34,0,11.662,45300,0
2021-04-09 14:58:06.978255,JA_EMS_Demonstrator_Thing,69,33,0,11.734,-150,33,0,11.579,-154,34,0,11.662,45350,0
2021-04-09 14:58:07.037564,JA_EMS_Demonstrator_Thing,69,33,0,11.733,-150,33,0,11.578,-154,34,0,11.662,45400,0
2021-04-09 14:58:07.098069,JA_EMS_Demonstrator_Thing,69,33,0,11.733,-150,33,0,11.578,-154,34,0,11.662,45450,0
2021-04-09 14:58:07.161872,JA_EMS_Demonstrator_Thing,69,33,0,11.735,-150,33,0,11.578,-154,34,0,11.662,45500,0
2021-04-09 14:58:07.222893,JA_EMS_Demonstrator_Thing,69,33,0,11.735,-150,33,0,11.578,-154,34,0,11.662,45550,0
2021-04-09 14:58:07.280899,JA_EMS_Demonstrator_Thing,69,33,0,11.735,-150,33,0,11.578,-154,34,0,11.662,45600,0
2021-04-09 14:58:07.340171,JA_EMS_Demonstrator_Thing,69,33,0,11.734,-150,33,0,11.578,-154,34,0,11.662,45650,0
2021-04-09 14:58:07.400709,JA_EMS_Demonstrator_Thing,69,33,0,11.733,-150,33,0,11.578,-154,34,0,11.662,45700,0
2021-04-09 14:58:07.461332,JA_EMS_Demonstrator_Thing,69,33,0,11.733,-150,33,0,11.578,-154,34,0,11.662,45750,0
2021-04-09 14:58:07.522012,JA_EMS_Demonstrator_Thing,69,33,0,11.734,-150,33,0,11.578,-154,34,0,11.662,45800,0
